,latitude,longitude,predict_latitude,predict_longitude,la_MAE,long_MAE
2,34.0430230998,-118.2671570778,-118.26780926140626,0.0,0.008541621382754272,0.0006521836062631792
14,42.34701377,-71.08740937,-71.08306739322921,0.0,0.017490592111855108,0.004341976770788847
18,33.1376251269,-117.1891341384,-112.43830695215034,0.0,1.0964463320071829,4.750827186249651
21,33.8097343862,-117.9226773757,-117.43416023578617,0.0,0.15850975389744804,0.4885171399138386
23,42.032112085,-76.017253515,-75.62130162826536,0.0,0.21725300839540296,0.3959518867346361
26,36.97401648,-122.02598977,-105.52427972228247,0.0,5.009246288491951,16.501710047717523
34,40.7544655167,-73.9771938,-73.98458530373802,0.0,0.0039977057748004086,0.007391503738020333
35,33.0795353146,-96.8230676651,-96.77131452781148,0.0,0.010778800198544047,0.051753137288514495
61,41.1429861833,-81.3571345667,-79.23134247751405,0.0,1.075553476584453,2.12579208918595
75,38.990272817,-94.608839717,-94.61293298079835,0.0,0.01513635001172986,0.004093263798353064
78,37.4631242,-122.4311362167,-121.96345756499582,0.0,0.14239071464007935,0.4676786517041762
82,37.7907800667,-122.3891674333,-120.72246637076888,0.0,0.5140107570562122,1.6667010625311178
85,36.8599457333,-121.81537385,-114.91407552902369,0.0,2.027587367602841,6.901298320976309
97,32.9815468196,-97.1600550001,-97.0468415164554,0.0,0.03426440336534142,0.11321348364459993
100,51.5442272716,-0.2008000745,-0.20294094434580529,0.0,0.08632470722837837,0.0021408698458052766
106,37.426615702,-122.1727752686,-122.15785314763393,0.0,0.008161116006235147,0.01492212096607659
112,30.3891670333,-97.7528005,-97.72538143263846,0.0,0.0007813755322416682,0.02741906736154931
113,30.2654149575,-97.7401685715,-97.73135396943948,0.0,0.0030048946871268356,0.00881460206052509
115,39.1798446122,-76.6709661484,-77.14097328701538,0.0,0.22927244680567327,0.47000713861538657
123,37.4574535167,-122.1318668667,-122.20059241200973,0.0,0.022767616945294833,0.06872554530973218
124,37.4178905947,-122.0255327225,-122.18155262319709,0.0,0.04775866316112598,0.15601990069708904
134,34.713783854,-92.399225235,-101.62052030381044,0.0,3.5417163950292476,9.221295068810434
136,39.8772709259,-75.2416706085,-74.45113325359574,0.0,0.509138252147622,0.7905373549042594
141,30.259376483,-97.7383903,-97.74531583094642,0.0,0.0014325226669065216,0.006925530946418235
147,39.712733056,-86.2996673584,-85.53528941387418,0.0,0.2522021802729384,0.764377944525819
148,30.26175155,-97.7618140833,30.261751525,-97.76181408315,0.002435400000003085,0.007814458299989724
151,39.1917862889,-120.2483224869,39.191786288450004,-120.24832248645001,9.222639689749997,28.110977411600004
156,37.7513158645,-122.4318983585,-122.44365617304881,0.0,0.0071189170332885965,0.011757814548801093
177,40.5892234667,-105.0628651,-112.35690297286138,0.0,2.7812547217402894,7.294037872861381
193,38.8979376667,-94.7426296667,-94.7340238578314,0.0,0.0038833490741936316,0.008605808868594522
194,39.2974431129,-94.716053009,-87.91119876592764,0.0,2.8310608168105915,6.80485424307237
198,51.91154645,4.457842567,4.394699516316193,0.0,1.6998365137059466,0.06314305068380754
212,30.2690751548,-97.7421534061,-97.74653092518699,0.0,0.0013403185572897769,0.004377519086986581
213,41.2485643333,-76.9662792,-75.01297600215783,0.0,0.9648834674895781,1.9533031978421747
216,36.1006963173,-115.2800599918,-111.72500885901898,0.0,1.1259167932738379,3.555051132781017
226,32.7783033,-96.7601235167,-96.76715164464203,0.0,0.0014110241140201651,0.007028127942021456
235,37.7405678203,-122.4345266819,-119.42050053753056,0.0,0.929933903969939,3.0140261443694385
238,41.9132146252,-87.6541511468,-87.65330247273647,0.0,0.010196888951213623,0.0008486740635333945
242,30.3322476314,-97.7402865887,-97.72488572674145,0.0,0.0013393932214356141,0.015400861958553946
259,39.09217715,-94.5835518833,-94.52135780695487,0.0,0.025466771759433016,0.062194076345136295
266,30.2654334905,-97.755907774,-97.74356618106755,0.0,0.0019057828143687061,0.012341592932443746
317,42.3641514833,-71.0539950333,-71.10238562985708,0.0,0.009357409409062711,0.04839059655708411
325,51.5158981939,-0.1641679345,-0.14614737069393724,0.0,0.019932598261412693,0.01802056380606276
328,30.4820721167,-97.8330089,-97.42090945538705,0.0,0.11962770660750266,0.4120994446129487
345,40.7058460996,-74.0096315269,-77.49733451476219,0.0,1.9054620337504673,3.4877029878621926
346,47.6625729741,-122.2978051007,-122.34294275661618,0.0,0.003415755345180571,0.04513765591617869
353,30.26175155,-97.7618140833,30.261751525,-97.76181408315,0.002435400000003085,0.007814458299989724
356,36.0851449,-79.8317346833,-82.67550565850964,0.0,1.5058986126095775,2.8437709752096367
358,33.8324948833,-116.5469258833,-116.59805484612401,0.0,0.0014576354549618031,0.05112896282400925
361,53.731926009,-0.571501087,-0.46590697444047596,0.0,1.932721204510102,0.10559411255952406
365,37.8004505205,-122.43780182,-122.42955999681844,0.0,0.0032909094919375548,0.008241823181563745
369,45.5021803619,-122.5776637788,-122.66017730150273,0.0,0.022370580762867576,0.08251352270272605
377,35.2400712333,-80.9182829167,-80.95278515981862,0.0,0.12301312651628393,0.03450224311862371
381,30.17211269,-95.4749464989,-102.3622120534521,0.0,2.192868924087797,6.887265554552101
388,30.2505218833,-97.74909495,-97.75089573196489,0.0,0.0008538824427404279,0.0018007819648886425
390,37.3664565757,-121.9263339043,37.36645657535,-121.92633390415,0.048196922966198485,0.14690777440171132
398,34.101160315,-118.323356055,-118.25944146481761,0.0,0.04075705067663904,0.06391459018239232
401,30.4607987667,-97.7920378333,-97.73390972877458,0.0,0.019088174652541312,0.05812810452542294
405,37.7864788714,-122.403563261,37.7864788712,-122.4035632605,0.002478028150001421,0.008969306949992983
412,45.4737374581,-122.6479677883,-122.72768928204373,0.0,0.05058892396666437,0.07972149374373316
414,35.6725153341,-105.9491980076,-97.33713343234709,0.0,2.9067499476379837,8.612064575252916
426,37.7736405578,-122.4214589596,-108.76802201271006,0.0,4.211644274270682,13.65343694688994
430,45.5225425764,-122.6781222224,-122.68081383628487,0.0,0.0017117508202133536,0.0026916138848633864
431,41.8844925568,-87.6257550637,-87.66926645508478,0.0,0.02404163196490572,0.04351139138478288
442,40.083718433,-75.188045183,-75.35640765268478,0.0,0.03526531418152956,0.16836246968478008
444,38.893793018,-77.428800235,-78.33892464023745,0.0,0.49894004669980063,0.910124405237454
450,44.8812351421,-93.2141017914,-91.15641382571421,0.0,0.9649221600325575,2.057687965685787
451,34.2108995833,-118.8442333667,-118.26686406405211,0.0,0.15909601201185808,0.577369302647881
464,37.7864788714,-122.403563261,37.7864788712,-122.4035632605,0.002478028150001421,0.008969306949992983
470,37.7880847333,-122.3982718667,-122.42617811201576,0.0,0.008131498784337055,0.027906245315762135
471,30.2602348501,-97.7509617805,30.26023485005,-97.75096178025001,30.2602348501,97.7509617805
473,37.7719215,-122.4301378667,-122.4091451372126,0.0,0.006356604197286231,0.020992729487389283
488,38.9622402167,-94.66863155,-94.5926602890375,0.0,0.03215672888035925,0.07597126096250406
490,30.4589581939,-97.7493524551,-97.49486810015144,0.0,0.0750576729473238,0.25448435494855914
492,40.9502504667,-72.19905935,-73.02944419666083,0.0,0.862710515164423,0.8303848466608343
510,37.8102247204,-122.2659337521,-98.03491774607672,0.0,7.494856068231364,24.23101600602328
526,40.771454246,-73.9560980547,-73.96582226690047,0.0,0.004290679173671208,0.009724212200467264
532,47.67017475,11.8544984667,11.744549247534309,0.0,0.8402363714153793,0.10994921916569211
544,39.0897884833,-94.58637615,-94.58451538951797,0.0,0.0013080417075173045,0.0018607604820317647
551,32.6719236333,-97.3759031167,-97.06502526408607,0.0,0.04962502805005897,0.31087785261392753
561,40.5842192364,-105.0773975434,-110.14157593768644,0.0,1.9385266208655167,5.064178394286444
565,36.1391676272,-86.8005734874,-86.82352220607008,0.0,0.019990445262060064,0.022948718670079415
574,30.31772055,-97.721806017,-97.7715713491026,0.0,0.007605468497526857,0.04976533210259504
584,35.4795784627,-97.5216114521,-106.90662121730159,0.0,3.4076587086543597,9.385009765201588
601,40.7438999621,-73.9837896824,-74.01363924975095,0.0,0.01029077605274864,0.02984956735095068
602,30.2557309927,-97.7633857727,-97.75102218847533,0.0,0.005997575668235555,0.012363584224672763
619,35.6807948322,139.7672080994,139.75572673109056,0.0,0.007222207119525592,0.011481368309432582
626,32.774301133,-97.081105817,-97.11123281574807,0.0,0.011243163445428195,0.030126998748073675
643,21.5603633739,39.1850781441,39.16622832178838,0.0,0.030917242254464128,0.018849822311615583
656,48.475311265,2.494270346,2.422051875222749,0.0,0.43501367206233965,0.07221847077725085
662,40.3647172104,-74.6533660858,-75.81706856829084,0.0,0.46469790054777604,1.1637024824908337
671,37.9106717,-121.5907165667,-101.02127574028738,0.0,6.407261675833876,20.569440826412617
682,40.7415028054,-73.9938663778,-73.98849127846916,0.0,0.0026749576598348312,0.005375099330848343
700,52.377682433,9.741473083,9.334376768423297,0.0,2.643898830855143,0.4070963145767035
703,30.4160607833,-97.6720403833,-97.77561948144412,0.0,0.04553474963944737,0.1035790981441238
711,52.3121256761,4.9447059631,5.1441538201556565,0.0,0.19422081217363996,0.19944785705565682
724,51.9131588,4.4601368667,4.400943981717855,0.0,1.6474522612673326,0.05919288498214481
728,41.118385515,-81.5504837036,-77.79219025643312,0.0,1.8580323868864568,3.758293447166878
735,36.0112840667,-83.9758644,-90.42016432540254,0.0,2.7014111847490554,6.444299925402532
746,47.612641,-122.1942122667,-122.33960586864151,0.0,0.06109027590368754,0.14539360194150674
748,32.795697,-117.077734,-117.16676106675362,0.0,0.070312669450594,0.08902706675361571
755,39.043661356,-77.1720778942,-79.95881547236694,0.0,1.3844233905365613,2.7867375781669352
766,-3.1311638547,-60.0229024887,-49.267102109999996,0.0,-3.1311638547,10.755800378700002
774,33.9022521973,-84.4884033203,-84.43683335399108,0.0,0.01937970875945183,0.05156996630891797
775,30.4728499833,-97.7739920167,-109.06864468267838,0.0,3.5208891004164116,11.294652665978376
776,43.6499929,-79.3893667,-74.6606037072878,0.0,2.5917442772639916,4.728762992712191
784,60.640797464,17.3935997486,15.799193384812293,0.0,6.997909171472898,1.5944063637877068
800,51.97465775,7.6230865,7.509883025317342,0.0,2.150147775532311,0.11320347468265801
811,34.067444317,-117.841320283,-117.98732986980373,0.0,0.055737820451078335,0.14600958680372855
829,38.0381371167,-78.4907683167,-84.3924929119523,0.0,2.8713167330878093,5.901724595252304
833,37.6659341,-122.4528153833,-121.39561724381137,0.0,0.3408863262344397,1.0571981394886336
836,36.1128126641,-115.1738834381,-115.16972785496847,0.0,0.0003479036697910942,0.004155583131534968
841,18.4252728203,-66.0629582405,-117.16955203066985,0.0,14.310377499889714,51.10659379016985
851,33.45219685,-111.7095750333,-98.59407676280176,0.0,3.9196401142414175,13.115498270498236
852,40.3897225857,-74.7605198622,-75.5199970739716,0.0,0.2726510712255461,0.7594772117715962
860,40.2445092643,-76.9957387447,-76.50905676979333,0.0,0.205097401684192,0.48668197490667353
862,36.104881736,-95.83366862,-96.2187072058966,0.0,0.11781531684074054,0.3850385858966092
865,34.0287865038,-118.4116909006,-118.13651455043774,0.0,0.032139994033187236,0.27517635016225483
880,59.83995687,17.59981477,13.40428973322687,0.0,14.634712440030668,4.1955250367731285
883,41.3699655167,-72.0614493333,-73.64860841661675,0.0,1.085792974006445,1.5871590833167488
893,41.9104339333,-87.6502122167,-87.65363790079111,0.0,0.007270672574371417,0.0034256840911126574
908,39.9914815819,-104.9832487106,-100.50722836804114,0.0,1.7518769073767544,4.476020342558854
914,45.50794124,-73.5712699471,-75.69662227519277,0.0,0.07842913298735965,2.1253523280927595
921,35.6366508368,139.5874786377,139.75300374607906,0.0,0.04829209669259171,0.16552510837905743
927,43.0476165139,-87.9654819557,-81.00625091594583,0.0,3.769809577761137,6.959231039754172
930,35.48229992,-97.50346523,-97.52197628957572,0.0,0.00975452044856695,0.018511059575715194
956,30.488943796,-97.679938134,-97.76165788580329,0.0,0.020189460039148344,0.08171975180329127
957,45.50827955,-122.8312435,-122.73733616398255,0.0,0.007651557534153142,0.09390733601745183
959,40.8047061019,-73.9667308331,-74.94123065067599,0.0,0.5220174519034302,0.9744998175759889
967,39.9543869167,-82.8091168333,-93.26242936465266,0.0,5.033279518581146,10.453312531352665
992,40.7317915,-74.04203915,-73.99919409832742,0.0,0.02201457616972391,0.0428450516725718
1000,52.3651886127,4.9365663942,4.556356702327269,0.0,1.3100562056467737,0.38020969187273046
1002,29.1882755285,-82.1388745308,-89.70136343765122,0.0,2.3666113307431367,7.562488906851229
1003,44.9706292477,-93.2457655557,-93.26925936224632,0.0,0.00914857395753188,0.023493806546312612
1014,40.7404811381,-73.9866987046,-74.03037058407264,0.0,0.023298892774462843,0.043671879472640285
1015,19.4199428058,-99.1662991047,-101.56668915927635,0.0,6.7027037310127895,2.4003900545763486
1021,33.1292308667,-96.8452537167,-95.26787707943485,0.0,0.5471068963660457,1.5773766372651465
1022,42.303213862,-71.2194514275,-71.10041906301683,0.0,0.012780586208847922,0.119032364483175
1028,36.0257960636,-115.086261034,-115.10787797234605,0.0,0.003657783602605491,0.021616938346042502
1031,47.38754835,-122.1991003,-111.10010332804367,0.0,4.304976508158582,11.098996971956325
1046,36.1515319347,-85.5476939678,-85.08007540594485,0.0,0.09567566346456857,0.46761856185514716
1056,21.5140302167,39.23036055,39.16741247627075,0.0,0.027611235082037666,0.06294807372925249
1060,37.420246612,-122.083526762,-122.13768604892387,0.0,0.017346527531778122,0.05415928692386274
1073,47.488097567,19.061259083,20.445181418139178,0.0,3.7580340147190228,1.3839223351391787
1076,30.749907972,-95.609687359,-87.5344221344548,0.0,2.5986641409228284,8.075265224545205
1077,32.405582273,-88.688858726,-97.5668872943145,0.0,3.2042763756154358,8.878028568314491
1080,33.9362438667,-84.4964954167,-84.41707413283856,0.0,0.06657184900209501,0.07942128386143565
1086,34.002221064,-118.4152364731,-118.25137865781875,0.0,0.07415536920350263,0.1638578152812471
1093,33.1594781641,-117.3507320881,-112.30517126390804,0.0,1.156726873495245,5.045560824191966
1099,39.9640969333,-75.1400440333,-75.34363725956139,0.0,0.1053645197388775,0.20359322626138976
1105,-26.120698333,27.984176317,0.0,0.0,-26.120698333,27.984176317
1107,33.7713500333,-97.1334939333,-83.93331603080638,0.0,4.562918844029699,13.200177902493621
1114,40.4780964064,-88.9839524031,-80.06210231644314,0.0,4.062008198784014,8.92185008665686
1121,34.0604814601,-117.5174260139,-116.8320417499399,0.0,0.17035740177407632,0.6853842639601027
1124,59.49930977,17.60877352,15.139505866762015,0.0,8.56447562230479,2.469267653237985
1140,41.5194990868,2.3567175865,2.5844633794147542,0.0,7.769998075338762,0.22774579291475439
1141,45.478892872,9.221384742,9.19009432973802,0.0,0.009314776572786343,0.03129041226197948
1149,30.3577526333,-97.9577364167,-105.82808148091198,0.0,2.4370023580819797,7.870345064211975
1152,18.4646455,-66.2824344833,-117.1687696121049,0.0,14.268126633443867,50.8863351288049
1157,33.2994650333,-111.8988631167,-111.97693997916386,0.0,0.10054284972194694,0.0780768624638597
1164,42.15242455,-87.8773287333,-87.71608234826616,0.0,0.08589996394345434,0.16124638503384858
1169,35.0806694498,-92.456920782,-101.02523142744684,0.0,3.310311211203583,8.568310645446843
1182,38.0891412167,-122.5524180833,-97.72578040396839,0.0,7.699082500339358,24.82663767933161
1208,40.7608686667,-73.9733049833,-75.80510921708905,0.0,1.0094566714837896,1.8318042337890574
1215,29.68564325,-98.483951794,-103.32729178018748,0.0,1.3823346324376935,4.843339986187473
1219,33.1375815167,-96.8031533,-91.6130486755115,0.0,1.797437309086682,5.190104624488512
1235,54.5971603378,-5.9266128841,-4.553671159483334,0.0,12.496465218639244,1.3729417246166662
1236,40.826946067,-73.9281177521,40.8269460635,-73.92811775205,0.9990041546378592,1.9039347659213774
1244,42.4471718434,-76.4831256866,-73.76985938860214,0.0,1.5420876683409617,2.713266297997862
1245,1.332606462,103.847869582,103.8929115582268,0.0,0.007835652882835609,0.0450419762267984
1249,30.4868282089,-97.6634573936,-97.73405316758293,0.0,0.015003898078241207,0.07059577398293015
1250,16.774135,96.1639127,110.05053077104073,0.0,4.558778541859894,13.88661807104073
1252,42.426610783,-83.429924175,-80.69490340071522,0.0,1.4528575652279656,2.735020774284777
1279,38.2179204,-122.1445877167,38.217920199999995,-122.14458771635,2.194878726045225,7.032176232893136
1288,43.2214734205,-88.1067653904,-78.79447467888322,0.0,4.491285719516014,9.31229071151678
1293,46.456155,16.992134,17.418233141342053,0.0,6.038805611208701,0.4260991413420534
1299,40.463937879,-79.932046033,-80.65507608152488,0.0,0.35946892846629197,0.7230300485248762
1307,37.3318803266,-122.0296311378,37.331880326299995,-122.0296311374,0.024070805590874045,0.07541870331995426
1319,30.4798868167,-97.8291347167,-97.46224856105353,0.0,0.10543685793116353,0.3668861556464691
1326,53.9924319952,-1.0728675127,-0.9627819871089671,0.0,2.1809264941131943,0.1100855255910329
1339,31.1348778,-102.20555515,-118.89365546040283,0.0,5.170424100451324,16.68810031040283
1340,42.499579237,-89.0354064577,-87.71166973760539,0.0,0.5926106342427246,1.3237367200946153
1341,35.6590811107,139.7006705403,139.7556530784436,0.0,0.03162470113435489,0.0549825381436051
1351,39.6477897663,-78.7568624318,-77.80453314732135,0.0,0.3822151689812756,0.9523292844786511
1352,42.3631559833,-87.99998425,-91.22037795104235,0.0,1.5838967525007277,3.2203937010423545
1361,29.7556210278,-95.3666906985,-97.79608207327533,0.0,0.7589104754677152,2.429391374775335
1362,40.8032236167,-73.21265545,-73.89070268208397,0.0,0.1746819106615689,0.6780472320839692
1366,41.4191443985,-81.9136272413,-79.53246476079036,0.0,1.1937414485096198,2.3811624805096443
1382,34.674008343,135.497919753,139.6472056824749,0.0,1.0109788172886027,4.1492859294749
1383,40.7350832833,-73.8742689833,-73.97687244935801,0.0,0.04023194125177554,0.10260346605801374
1395,53.2113014832,6.5673458576,6.382035567481642,0.0,3.927887371370659,0.1853102901183581
1398,30.2673238369,-97.7398252487,-97.74269211442682,0.0,0.0006106581165177261,0.002866865726815604
1416,32.848549983,-96.76967195,-97.0763614715497,0.0,0.10942170169862209,0.30668952154969986
1417,30.2707337816,-97.7537029982,-97.74939537025001,0.0,0.0016308284999979605,0.004307627949984294
1428,40.7526027833,-73.9756617167,-73.9859263747037,0.0,0.007364307741070775,0.010264658003691807
1431,30.2586223817,-97.744256258,-97.75096178025002,0.0,0.0016124683499967318,0.0067055222500300715
1439,55.84993338,-4.2344138,-3.2845841626582324,0.0,1.966133496216763,0.9498296373417672
1441,51.525596869,-0.109838507,-0.11007469259785353,0.0,0.011591072678264425,0.00023618559785353044
1449,35.4857199,-97.5394757833,-107.17900077403316,0.0,3.500483358261093,9.63952499073315
1454,37.8555459167,-122.2600355,-97.74457914886129,0.0,7.589563888409234,24.51545635113871
1458,33.7588304755,-84.348936975,-95.19194712599963,0.0,4.34261103690617,10.843010150999632
1468,59.216772208,17.9473257065,17.943655270477826,0.0,0.07563671237817005,0.0036704360221726517
1475,51.5545209353,7.0675349236,6.61851731864249,0.0,2.2704140422545223,0.4490176049575103
1483,39.8998814821,-84.1843754053,-87.80174141931255,0.0,1.8159080985992233,3.6173660140125463
1484,33.5662709233,-117.204618752,-117.65980622642729,0.0,0.14219990089123513,0.4551874744272908
1488,32.82624304,-97.16647607,-97.20399250043288,0.0,0.004260686398154689,0.03751643043287345
1494,51.4751024333,-0.2013516167,-0.20212257884526508,0.0,0.15412946905906466,0.0007709621452650639
1502,29.9839699528,-90.2578353882,29.9839699524,-90.2578353881,0.6972957730374887,2.1232381649412275
1513,52.370342293,9.73587848,9.340226124482072,0.0,2.60329568409108,0.3956523555179281
1514,42.979834285,-87.865595485,-81.00862009621825,0.0,3.700893054496923,6.856975388781748
1519,45.42526615,-75.6917869,-71.20780611160855,0.0,2.932005175520345,4.483980788391449
1541,40.7265920574,-74.0245485306,-74.00303124254013,0.0,0.003781289366202145,0.021517288059868633
1545,30.26714855,-97.74442975,30.267148525000003,-97.744429725,0.0019394662413141361,0.004972024078284676
1559,12.8508100762,77.6574075222,100.29120946187754,0.0,2.914326315027793,22.63380193967754
1583,36.0783439667,-79.9569993333,-82.61599541560923,0.0,1.4853489445637393,2.65899608230923
1584,37.7894040668,-122.3894119263,-115.54697235440726,0.0,2.1108987360701974,6.84243957189274
1587,43.0722354,-76.2135689,-73.04547649145712,0.0,1.2588224299819757,3.1680924085428757
1589,36.242638367,-86.738733083,-86.775742742645,0.0,0.11455563674977043,0.03700965964499403
1598,39.1896689833,-106.8194774,-90.68016141223755,0.0,5.949150017346774,16.139315987762444
1602,51.39690305,4.758388167,4.574567354010983,0.0,0.31038638799908824,0.18382081298901642
1610,34.0617613613,-118.1716489792,-118.25983923512808,0.0,0.0012092574137057,0.08819025592808316
1611,44.9888581038,-93.2550752163,-93.26648326367417,0.0,0.009819743530961489,0.011408047374175112
1612,38.74922984,-8.96653413,-5.609257988408233,0.0,3.244670608831413,3.3572761415917665
1615,40.760745229,-73.966214374,-73.98033963027865,0.0,0.010620305771112726,0.014125256278646248
1620,41.35646551,-74.69424712,-73.97353984252297,0.0,0.328641530451101,0.7207072774770324
1637,56.0225175,12.7412201667,11.398973414617409,0.0,6.492055897514469,1.3422467520825911
1640,39.920405,-77.641863,-79.92765440386103,0.0,1.0067371965311906,2.285791403861026
1641,62.3872231,17.30806975,16.37925171798442,0.0,6.313460433197271,0.928818032015581
1649,59.449418778,18.28979623,18.11083443407897,0.0,0.11015978220091682,0.17896179592102968
1652,-15.78705805,-47.88899111,-49.267102109999996,0.0,-15.78705805,1.378110999999997
1655,33.8793658,-117.88299382,-118.13291217827177,0.0,0.11694215667680652,0.24991835827177056
1664,42.268544,-85.16591,-79.07440421043634,0.0,3.134100484720342,6.091505789563655
1667,54.70230436,-6.1801244,-4.510755622567157,0.0,11.169365534150245,1.6693687774328438
1672,51.4880372696,-0.3162002563,-0.28417299467292567,0.0,0.05711467160102046,0.03202726162707431
1675,32.7554805833,-97.09719935,-97.31212095087199,0.0,0.0893516507397436,0.21492160087198897
1679,49.1955627117,12.5162011385,13.938498948225764,0.0,6.4645057508173736,1.4222978097257641
1685,33.8223888833,-116.54673365,-117.13689020987965,0.0,0.17625863351135962,0.5901565598796594
1717,36.0748477333,-115.2408922833,-115.13279432731049,0.0,0.03248519296148089,0.108097955989507
1747,29.9877985723,-95.3393554688,-103.10520094881366,0.0,2.427815023278015,7.765845480013667
1748,37.5254291296,-122.0035117865,-121.39742493719217,0.0,0.1998634231262315,0.6060868493078289
1752,38.656924367,-75.5927932262,-83.14216016131422,0.0,3.8298851958815234,7.549366935114222
1761,37.450769942,-122.1776239446,-122.13687369207528,0.0,0.0134391499071711,0.04075025252471676
1764,52.5106040333,13.3897063,13.884196119746111,0.0,2.9946003794487766,0.4944898197461107
1769,30.227192497,-97.8195244074,-97.82368437953338,0.0,0.0011295372495361278,0.004159972133379597
1776,42.6439797878,-83.2010293007,-80.88296118014514,0.0,1.2449119219222666,2.3180681205548552
1779,33.6089783712,-117.9293605906,-117.79517742891704,0.0,0.014807805050871536,0.1341831616829552
1784,38.2706954833,-122.0346528333,-115.16303844665653,0.0,2.1486453210857093,6.871614386643472
1793,33.5128021349,-82.0491866849,-97.65822322562128,0.0,6.375490858908243,15.609036540721291
1794,45.88966935,-95.3692578,-93.2038231504121,0.0,1.0016355838470758,2.165434649587894
1797,59.9129603473,10.7396031132,9.536232823176704,0.0,6.83800705105854,1.2033702900232957
1802,-33.8836342283,151.1938691139,158.2432841502252,0.0,-33.8836342283,7.0494150363252
1813,46.9998093108,9.5052720301,9.190032381843782,0.0,1.5325481143632231,0.31523964825621853
1817,37.4487585333,-122.1584795,-122.12451721075152,0.0,0.009045752719750055,0.03396228924847833
1823,33.16981405,-96.6398672167,-108.12281938040336,0.0,3.9328246119978374,11.48295216370336
1828,34.0216463819,-118.280608356,-118.2448244724481,0.0,0.0002513925061080613,0.03578388355190043
1832,38.8553270667,-77.13974695,-77.54744947942082,0.0,0.28453524421242093,0.407702529420817
1835,30.2015573297,-97.6671266556,30.201557329350003,-97.6671266553,30.2015573297,97.6671266556
1848,41.9784147333,-87.668714,-87.67782271650505,0.0,0.023590799514700223,0.009108716505053849
1849,52.9288586022,-1.21489048,-1.5201346881563587,0.0,1.2452224292143796,0.30524420815635867
1851,38.74572274,-90.34797583,-90.42268445016383,0.0,0.03178078082881797,0.0747086201638325
1859,48.1114739833,-123.4125553333,-122.34682837532611,0.0,0.4545010145189039,1.0657269579738937
1868,39.6789195086,-105.9052848816,-96.67027560216403,0.0,3.3320489550766226,9.235009279435971
1873,40.0918045044,-75.3998641968,-75.18627963566637,0.0,0.13749631628029846,0.21358456113362934
1878,51.5459547386,-0.1041769981,-0.09334153872053796,0.0,0.0255144881029139,0.010835459379462037
1881,33.9946185,-118.4388893167,-118.2906028801088,0.0,0.042314485356001796,0.14828643659119223
1923,30.464104668,-87.257527113,-81.32777280565698,0.0,2.042281842018813,5.929754307343018
1925,40.76381433,-73.98198974,-75.54331365061917,0.0,0.859098132645606,1.5613239106191656
1932,37.7748023728,-122.410081029,-122.40838879890975,0.0,0.0012973318757047991,0.0016922300902422194
1942,47.6107472682,-122.201492439,-122.33765556484326,0.0,0.026319206618744317,0.13616312584325385
1958,50.881199039,4.7146317478,4.567052826686769,0.0,0.18947792516723183,0.14757892111323123
1967,36.1549509821,-115.3324292744,-117.38941826579509,0.0,0.6436261792052136,2.0569889913950874
1969,40.7511286728,-74.0570101211,-74.00324513874448,0.0,0.028338012568276838,0.05376498235553129
1992,49.2795557881,-123.1301173568,-94.46719001840266,0.0,11.467943576040916,28.66292733839734
2011,43.192637257,140.796571248,127.07376939635408,0.0,5.704143753395215,13.722801851645912
2015,40.0127531411,-105.3250399232,-101.51426592892643,0.0,1.4320011448432268,3.8107739942735606
2022,50.1219598613,8.6501024833,8.504441087272854,0.0,0.5651185711063746,0.14566139602714578
2027,48.5356967563,9.2803788185,9.549546115570953,0.0,2.0025434023282003,0.269167297070954
2034,32.9770127,-97.0076035,-96.96040942123783,0.0,0.017960557018980694,0.04719407876217474
2036,28.12526,-82.51947,-96.68715875072446,0.0,4.822633877300536,14.167688750724466
2038,30.8527378833,-94.17252735,-104.30917334272813,0.0,3.3122971553649663,10.136645992728134
2041,34.1000765562,-118.3475214243,-118.25805283717304,0.0,0.04019289509050594,0.08946858712695871
2062,33.1594306333,-117.350987,-112.3045673955795,0.0,1.1568536397082383,5.046419604420507
2072,41.869560827,-87.6328003407,-87.6953477497314,0.0,0.028657937442496006,0.06254740903139577
2075,33.95763425,-118.4177789167,-117.55076973701539,0.0,0.27096789809787225,0.8670091796846151
2084,33.650730183,-117.90877585,-117.7552322659396,0.0,0.07416337033265563,0.15354358406040092
2092,42.0647826676,-88.2918598205,-87.83345959534992,0.0,0.15958402817683748,0.45840022515007206
2096,51.214851165,-0.796536265,-0.5682839722350512,0.0,0.3194906106407629,0.22825229276494874
2100,43.2168064833,-79.7862811833,-76.85303802073193,0.0,1.5337264667592905,2.9332431625680755
2101,35.1786839962,-101.8351399899,-104.50743921655842,0.0,0.8593624997171432,2.6722992266584242
2106,36.0604095684,-95.8762693405,-101.27917608197288,0.0,2.054482939404707,5.402906741472876
2107,33.176344985,-117.363392754,-112.37634786312647,0.0,1.1530496982077025,4.987044890873534
2113,50.93955419,6.939582263,6.703713878568268,0.0,1.2677530911020582,0.23586838443173175
2120,48.2512185548,14.2460975123,14.096516549449564,0.0,0.6421985445542404,0.1495809628504361
2121,40.005955099,-105.105342865,-105.24504325981943,0.0,0.007676046601226005,0.1397003948194282
2127,37.7909637,-122.4095965,-122.40970615628937,0.0,0.00010795493176374293,0.00010965628936787652
2142,32.9615062226,-96.8259429932,-96.83540372377118,0.0,0.014242581288471001,0.009460730571177578
2143,34.9225340371,-120.4269468784,-117.10366166145164,0.0,0.9344929066376793,3.3232852169483635
2153,40.7571383333,-73.6419646833,-73.91119874768083,0.0,0.16865972164809762,0.2692340643808251
2163,19.6924942732,-101.1602586508,-101.5418997731347,0.0,7.042660875189984,0.38164112233469893
2173,47.741000454,13.348342197,16.498847452301934,0.0,8.919080259374937,3.150505255301935
2174,-37.8887249661,145.0829659373,159.226599099063,0.0,-37.8887249661,14.143633161763006
2176,34.0341861667,-118.6932997833,-117.49402001833073,0.0,0.3653231097072904,1.1992797649692761
2182,37.5891807333,-122.34377495,-122.36531808614122,0.0,0.017015540627362213,0.02154313614121861
2194,40.622909517,-111.418598628,-97.56684092334136,0.0,5.017571793323846,13.851757704658638
2200,43.3271295,-83.7401691167,-76.5670895079864,0.0,3.472939939302769,7.173079608713607
2227,39.12764573,-77.07345205,-80.23495507014266,0.0,1.6211689075528426,3.1615030201426606
2229,33.9485037167,-84.5134182833,-84.41775228704338,0.0,0.07808192323039265,0.09566599625661354
2253,47.3675234458,8.5376188159,8.888132360716938,0.0,1.8871465939344532,0.35051354481693764
2260,34.0983009333,-118.3286333,-118.2588416453975,0.0,0.03812211222437867,0.06979165460251124
2264,33.9806894996,-118.3960586786,-118.29561082136586,0.0,0.025290878843527764,0.10044785723414407
2276,40.6107958986,-111.9814800878,-106.07837832060417,0.0,2.1001491323175756,5.903101767195821
2277,36.11527484,-115.29598605,-110.31732723850973,0.0,1.5631413192529564,4.978658811490263
2306,30.26230215,-97.7614974833,-97.75916560576091,0.0,0.0013760226792314256,0.00233187753909192
2307,40.00987613,-83.00139981,-91.41717002405521,0.0,4.062846079662862,8.415770214055215
2312,35.614846433,-97.450626333,-97.56689055529164,0.0,0.004901421952446583,0.11626422229163325
2323,47.791568,12.99664,14.449128465899944,0.0,5.176408170917334,1.452488465899945
2328,40.7506056663,-73.9892935753,-74.02712495906178,0.0,0.022771035296123898,0.037831383761783854
2331,51.26589305,-1.091039183,51.41754463616654,0.0,0.15165158616653684,0.11212879605192216
2342,36.06134641,-115.04455333,-108.18849111283902,0.0,2.1492415079055576,6.856062217160982
2344,44.9729046441,-93.2757496834,-93.26404638391764,0.0,0.0054383009969569684,0.011703299482348939
2349,32.94527184,-96.84303879,-96.82179018507192,0.0,0.024592955681072226,0.021248604928075565
2351,41.9011750584,12.4642252922,14.430991950894416,0.0,6.8491938800976655,1.9667666586944161
2352,37.4385371333,-122.1593934667,-122.05532501850954,0.0,0.029737364206148698,0.10406844819046057
2353,37.3640604623,-120.4276764393,-97.77017167033591,0.0,7.038605256551936,22.65750476896409
2375,30.534871,-97.687402,-112.12992176523252,0.0,4.5208508123042,14.442519765232518
2378,52.94778364,-1.14636623,51.39824988234518,0.0,1.5495337576548138,0.036202569182193
2380,35.5717310167,-82.5014705,-81.6361642533631,0.0,0.2133833173440891,0.8653062466368908
2384,52.0750551067,4.3082392216,4.289847081174883,0.0,2.770016047426786,0.018392140425117276
2385,33.6996089,-117.908023567,-117.69385628111954,0.0,0.05488306477259641,0.21416728588046396
2398,59.5184954723,17.9116201401,17.94362792851398,0.0,0.20340832298501255,0.03200778841398133
2412,40.7425960826,-73.9917058759,-74.05154956102079,0.0,0.03347386562953858,0.05984368512079641
2418,38.7723921737,-121.271569168,-97.68221238748573,0.0,7.406358462931003,23.589356780514265
2421,36.0161119694,-114.7371339798,36.0161119692,-114.7371339794,0.492975634093888,1.582563231453392
2429,37.7933426,-122.4088326833,-122.40068210165865,0.0,0.0038317964477769806,0.008150581641359622
2441,29.7328185183,-95.4630160332,-97.75429067025455,0.0,0.7180267750351526,2.291274637054542
2443,42.1340355529,-72.6252103141,-71.63942398233773,0.0,0.2170347759465301,0.9857863317622702
2467,36.0848987512,-115.1490783691,36.0848987511,-115.14907836904999,0.003953827949999322,0.0022315979999945057
2472,47.6906077667,-122.3231318167,-122.34769949919766,0.0,0.03565605757203372,0.02456768249766128
2477,38.783310667,-77.56361815,-108.06810185311878,0.0,15.207422192229053,30.50448370311878
2481,37.7981900667,-122.4223371833,-122.40027608227153,0.0,0.008639360182293387,0.02206110102846992
2483,40.1145164166,-111.6545901602,-101.19355223576788,0.0,3.589182091982707,10.46103792443212
2496,33.6028774833,-102.619433,-90.02395938235321,0.0,4.142879740865407,12.595473617646789
2533,44.91797465,-93.49119945,-90.40988907484429,0.0,1.4812328805864325,3.0813103751557094
2537,38.9043592893,-77.034856081,-77.0321650703191,0.0,0.005317232839480823,0.0026910106809054923
2538,47.6162095875,-122.3540389538,-122.32290593295315,0.0,0.003063052041667902,0.031133020846851878
2539,31.6232913,-89.1824574833,-89.42194925388947,0.0,0.1758934869555091,0.23949177058946702
2542,42.3680013081,-71.075963974,-71.10163018847558,0.0,0.017604453610459814,0.02566621447557793
2549,32.716465693,-117.161139351,-117.17081233122028,0.0,0.017254353667183864,0.009672980220273075
2557,40.9628967925,-76.6170242429,-75.4054688462786,0.0,0.8384674393246385,1.2115553966214065
2558,33.0118484018,-96.9706320763,-96.83714418623094,0.0,0.06478208319162349,0.1334878900690626
2568,29.7446039,-95.3855165167,-103.79703256798274,0.0,2.631202824093151,8.411516051282746
2571,44.948626625,-93.2883024216,-92.73074326173271,0.0,0.2757254883125171,0.5575591598672816
2573,39.0647517167,-77.1258331167,-80.03844150061934,0.0,1.455904433339036,2.9126083839193484
2575,30.4017738271,-97.726457119,-97.8000745711286,0.0,0.024624624231663006,0.07361745212860171
2576,30.3277216132,-81.6567850113,-116.13986473792679,0.0,12.79957552596839,34.483079726626784
2580,36.8666486667,-76.2967125667,-93.23975562790068,0.0,8.122243703481331,16.943043061200683
2585,34.0842372,-117.348793,-114.6495398844758,0.0,0.7846323901271859,2.6992531155242006
2602,57.168051624,-2.0963667711,-2.194074988476013,0.0,4.0852492040136,0.0977082173760131
2610,36.0657363,-79.8107731333,-82.66391152579997,0.0,1.5199786088896587,2.8531383924999716
2611,38.8894587026,-77.0352530479,-77.04475146593427,0.0,0.006275687974778066,0.009498418034269207
2624,38.9539024276,-94.7165679932,-94.71025934230614,0.0,0.010204017030787327,0.006308650893856793
2632,42.7015142333,-71.4371895833,-71.08641603690882,0.0,0.3284806899183508,0.3507735463911814
2637,30.2557309927,-97.7633857727,-97.75102218847533,0.0,0.005997575668235555,0.012363584224672763
2640,36.30407835,-94.1755369667,-108.20330666218658,0.0,5.446199676324177,14.027769695486583
2661,43.8561019897,-70.1002120972,-74.94804452980036,0.0,1.6072820576314797,4.847832432600356
2670,43.0150376167,-89.4574889833,-88.80863189720105,0.0,0.3741849854299133,0.6488570860989427
2671,30.443632761,-97.7414345741,-97.7443771733513,0.0,0.002769322014149367,0.002942599251298361
2679,37.7977866095,-122.4007000454,-122.39902758680871,0.0,0.0010490373082845394,0.0016724585912868406
2680,39.24844347,-84.34790543,-85.93905080828033,0.0,0.6357287244786178,1.5911453782803306
2681,31.1057508981,-97.7493953705,-117.69497850764861,0.0,6.277988160883815,19.945583137148617
2697,22.2666690801,114.3671929836,101.40788519502114,0.0,2.9231618026235076,12.959307788578869
2712,44.1489887238,-94.0902775526,-93.07616657518831,0.0,0.6129150707405344,1.0141109774116899
2720,19.3081131,-81.376537,-103.6667270455061,0.0,8.858017695515226,22.290190045506094
2740,47.6394282167,-121.9021572,-100.73163724473322,0.0,8.28001054242415,21.170519955266784
2743,35.7952573,-90.6834619,-104.63821466710009,0.0,5.349099755310213,13.95475276710009
2746,37.687976079,-122.1301538422,-122.41300930450576,0.0,0.08732902090414285,0.2828554623057613
2749,47.5975671167,-122.3265122833,-122.33367803106285,0.0,0.0058386663581373455,0.007165747762840624
2751,34.121927511,-117.198662729,-115.46770677901405,0.0,0.5854064853977121,1.7309559499859546
2755,37.8737354974,-122.2541642189,-97.77986248048896,0.0,7.580086016300484,24.474301738411043
2763,30.19433951,-97.77588152,-122.39706097357733,0.0,7.602396475660335,24.621179453577327
2776,37.7794851167,-122.42033985,-122.42277393376246,0.0,0.0016856072803719258,0.0024340837624521328
2779,39.0540502,-77.51224637,-77.33504823512007,0.0,0.018050753163450395,0.17719813487993008
2788,35.1119232167,-92.44794325,-101.23041743049309,0.0,3.358680500868161,8.782474180493097
2790,38.59509075,-121.4158069167,-116.68978800487709,0.0,1.532395065347707,4.726018911822919
2793,39.184218608,-94.582837775,-94.29242583111485,0.0,0.18389584466802944,0.2904119438851467
2794,32.8974616458,-97.040348053,32.8974616454,-97.0403480515,0.031863412650004364,0.1089707366500079
2797,44.983825,-93.39425,-90.73790817623916,0.0,1.2686366410797305,2.6563418237608403
2798,40.7631536764,-73.9831995964,-75.79358614340182,0.0,0.9985875620491669,1.8103865470018263
2807,35.05407994,-85.31069701,-88.490556676227,0.0,1.2941579170461353,3.179859666227003
2808,39.2093649333,-94.6806640167,-92.72567333914425,0.0,0.8503140042403388,1.954990677555756
2809,29.7598854503,-95.3656545611,-97.6672721610013,0.0,0.7243465770577764,2.3016175999013058
2812,38.9158050244,-94.6477746964,-94.65503423619502,0.0,0.013438058966841027,0.007259539795015257
2822,39.99197,-82.742304,-91.27652234886133,0.0,4.133199447090625,8.53421834886133
2823,45.56338085,-122.6728183833,-116.72761332247894,0.0,2.2195539041542744,5.945205060821053
2834,38.91792875,-77.0236039333,-78.10568473949404,0.0,0.5557310959873831,1.0820808061940426
2839,45.5121764,-122.6129170333,-122.67395626712167,0.0,0.01589749295281706,0.06103923382167409
2841,32.9267436167,-96.8311529833,-96.83767886636262,0.0,0.007679440484373856,0.006525883062622029
2846,40.0168431447,-105.2806037664,-105.27750158886036,0.0,6.241510249083149e-06,0.0031021775396453677
2853,41.5934583167,-93.64301815,-111.21747539407863,0.0,8.115974598096109,17.57445724407863
2858,33.2156494204,-97.1360814571,-96.92656003442677,0.0,0.07065791995434978,0.20952142267323381
2860,36.3402780167,-94.17968175,-105.56120187332243,0.0,4.402496946430496,11.381520123322431
2865,39.4635917984,-0.3565392287,-0.47594615043156563,0.0,12.358855110549356,0.11940692173156564
2868,40.7425115937,-74.0060305595,-74.00510023561729,0.0,0.0002767247798800554,0.000930323882712969
2871,29.69382524,-95.67450612,-97.72877345172776,0.0,0.6356530735759449,2.0542673317277576
2879,39.7466587167,-121.85140565,-115.01579061548384,0.0,2.225030925985081,6.835615034516167
2888,28.3429704781,-81.5258717537,-84.01881853269977,0.0,0.8965846742800245,2.492946778999766
2891,41.929884711,-87.643100417,-87.69672776273747,0.0,0.022779777410931956,0.053627345737467635
2899,30.2671848421,-97.7627635002,-97.74323022375305,0.0,0.0038472584350195405,0.0195332764469498
2908,28.1925745855,-82.6345038414,-96.60423432555753,0.0,4.762599032119358,13.969730484157523
2909,33.9259054167,-83.3399117333,-89.20210302584087,0.0,2.3896864211749005,5.862191292540871
2914,32.8364224383,-97.1320973995,-91.20546285336468,0.0,2.009710824231618,5.926634546135318
2916,36.2407553,-115.1728024167,-112.67359512908483,0.0,0.7429723080969595,2.499207287615164
2917,46.5221867007,6.5660127997,6.663737103591942,0.0,1.7532929684188545,0.0977243038919422
2927,35.918526,-79.053848,-84.66702391967611,0.0,2.5878090553408413,5.6131759196761095
2949,35.710555,139.774776,139.6936130670057,0.0,0.015798776609081244,0.0811629329942889
2950,34.0596992887,-118.2370090485,-118.25217511197808,0.0,0.0020149824092854374,0.015166063478076808
2968,42.731417,-73.794301,-72.03902388934613,0.0,0.9101032276544245,1.7552771106538785
2979,33.8120650319,-117.9190063477,-117.49121539255455,0.0,0.1440818308953311,0.4277909551454542
2982,34.0434178685,-118.4223571948,-118.11424720304572,0.0,0.04886405736122157,0.30810999175427867
2996,38.7200070333,-77.1235923,-78.65764585292642,0.0,0.7108116115529057,1.534053552926423
3000,39.306866171,-76.61917103,-81.9372002193115,0.0,2.6126933404341415,5.318029189311503
3008,38.9122162167,-94.76002395,-89.9341611099763,0.0,1.9803664370358405,4.825862840023703
3010,22.2816260027,114.1535335779,99.20600457290857,0.0,3.445084060537212,14.947529004991438
3013,35.7758574989,-78.6389796701,-81.3437734943912,0.0,1.2205464503182384,2.704793824291201
3028,35.7879015833,-78.8271806167,-83.46036290714967,0.0,2.163858281231377,4.633182290449668
3034,44.5803847147,-123.2600355148,-104.46654470333432,0.0,6.827140009940798,18.793490811465674
3041,38.7850629,-77.01678514,-77.66485584593006,0.0,0.41221038101708274,0.648070705930067
3045,42.0909538205,-71.2642979622,-71.4965380533627,0.0,0.13995442069968078,0.23224009116269428
3049,40.560631671,-111.938414548,-103.87486364875228,0.0,2.9208172083251895,8.063550899247716
3066,44.9761106027,-93.2551293313,-93.27200787498009,0.0,0.0045043239205782015,0.016878543680093117
3079,33.0534250333,-97.07203915,-96.84720774712261,0.0,0.10749964921818389,0.2248314028773848
3082,51.4711990231,-0.4536151886,-0.4852869468267145,0.0,0.38271300079511406,0.03167175822671453
3090,38.8966441,-77.0187520833,-77.03292577725149,0.0,0.0025621587007762514,0.014173693951491373
3098,47.6619623885,-122.4356907606,-122.33254456655438,0.0,0.04833856849332108,0.10314619404562109
3104,34.0600147667,-84.2480269,-84.2514429897052,0.0,0.09376793422131868,0.003416089705197578
3106,36.06197565,-115.25021708,-116.07142814207344,0.0,0.26046475380886136,0.821211062073445
3108,41.4620762667,-81.9566799167,-79.96964309750052,0.0,1.0249745386979185,1.9870368191994743
3111,28.329035755,-81.42091232,-82.77026582534037,0.0,0.49487274105872814,1.3493535053403747
3126,34.1961143486,-118.3539104462,34.1961143483,-118.3539104461,0.050004159018421035,0.1528132338972199
3131,44.9598020833,-89.6275795,-92.83034768575591,0.0,1.4331346034940964,3.2027681857559145
3139,30.2955357104,-97.7416491508,-97.74352812747364,0.0,0.007910501707861783,0.0018789766736375668
3144,36.0933061938,-115.1780896506,-115.14762170597534,0.0,0.010988281704911174,0.03046794462466096
3151,39.5469778776,-119.7795528173,-81.3902127054644,0.0,12.770657001477613,38.389340111835594
3157,39.0505436345,-95.6966793537,-104.85277379864564,0.0,3.7134312730406407,9.156094444945637
3166,40.7613333866,-73.9775025845,-75.5271581121934,0.0,0.8526813786816945,1.5496555276934032
3167,33.5942211888,-112.3132735561,-109.38225942609945,0.0,0.9310809869306382,2.9310141300005483
3171,30.4085133,-97.74667005,-97.81021462210542,0.0,0.02062968316147007,0.06354457210541398
3176,30.4145713182,-97.7466259042,-97.70643366445636,0.0,0.014311848036790309,0.040192239743646496
3177,47.6608201,-122.3341272833,-122.33694120302077,0.0,0.019093971831431134,0.002813919720765057
3187,33.976606767,-117.552766433,-118.20785942469865,0.0,0.17997245053478395,0.6550929916986519
3207,38.3679538965,-75.6220883131,-80.53118127173097,0.0,2.525730731730924,4.909092958630978
3208,37.5050067833,-122.2592496833,-122.19240125835752,0.0,0.028318711897284743,0.06684842494247789
3217,38.938903803,-77.3293380752,-77.70696924995444,0.0,0.2789626660312621,0.3776311747544412
3219,39.85631051,-84.33440436,-94.42789087474421,0.0,4.858001710317296,10.093486514744214
3222,32.6661543167,-97.3444367667,-97.08567401278107,0.0,0.04009762803595862,0.2587627539189299
3225,40.68867176,-73.99307158,-76.8767707428914,0.0,1.5832921042059809,2.8836991628913893
3228,42.4877323413,-83.5204696655,-80.6837576481514,0.0,1.5194299691805782,2.836712017348603
3232,33.52480691,-82.07254701,-96.01868835614066,0.0,5.745404558301665,13.946141346140664
3236,47.6545286167,-122.32207775,-122.33619930020309,0.0,0.01815420798275369,0.01412155020308603
3238,32.8362894,-97.1322298,-91.19154810596214,0.0,2.014105044590039,5.940681694037863
3245,34.0085477333,-118.4138702667,-118.0143610388659,0.0,0.10313968379396243,0.3995092278341019
3251,37.7879542018,-122.4075329304,-122.40134764612743,0.0,0.0020874575656932848,0.0061852842725613755
3252,42.3894079607,-71.1246487498,-71.09091809684986,0.0,0.04047758417567593,0.03373065295014044
3256,33.1071035167,-96.8122909167,-96.88470809279967,0.0,0.02120064384320841,0.0724171760996768
3283,29.4253664677,-98.486187458,-110.1704507812138,0.0,3.4714493695629116,11.684263323213798
3290,47.5074356731,19.060476827,20.40107941603585,0.0,3.6040658471076696,1.34060258903585
3293,34.885509367,-76.91569815,-83.03548334687834,0.0,2.8709780384277295,6.11978519687834
3294,39.7737400237,-86.1676069142,-85.83067566446857,0.0,0.11116379881068639,0.3369312497314212
3295,37.3331078167,-121.9104913,-122.1117484988863,0.0,0.06984200121156192,0.2012571988862959
3314,25.794790919,-80.2793312073,-82.9315192323867,0.0,0.8591440375848833,2.6521880250867014
3324,42.1463831,-77.0622882,-74.45691506162606,0.0,1.3607463932473252,2.6053731383739347
3335,37.546041283,-77.4325135,-79.49971166804947,0.0,1.0041912449167754,2.0671981680494724
3337,33.9435379571,-118.4071683884,33.94353795705,-118.4071683882,0.3031995266066403,1.019275642378247
3349,40.4403896,116.5602452833,127.07256944353296,0.0,2.951285285996974,10.51232416023295
3354,28.3695766161,-81.5194988251,-82.38208003244783,0.0,0.32063006818290773,0.8625812073478301
3357,38.8485445167,-77.53050255,-93.83830284208953,0.0,8.046936620288164,16.30780029208954
3371,43.670535833,7.154511183,7.717447951078805,0.0,3.0184277223277576,0.5629367680788047
3383,30.3307962833,-97.7309713,-97.72683899371245,0.0,0.0006064691417257961,0.004132306287544907
3401,40.7424539061,-74.029112531,-74.0387038580045,0.0,0.006793685222987733,0.009591327004500272
3415,33.1902529092,-97.1001291275,-96.95792821726445,0.0,0.032525792530051945,0.1422009102355446
3427,32.8974616458,-97.040348053,32.8974616454,-97.0403480515,0.031863412650004364,0.1089707366500079
3429,47.3268395189,-122.3133122921,-106.44893248559937,0.0,6.105018429456138,15.864379806500622
3438,39.7432067333,-105.0696912,-104.98913344304965,0.0,0.0078091302672831375,0.08055775695034129
3440,36.1087295333,-115.1513852,-115.18209695987157,0.0,0.005071744964382674,0.030711759871564936
3441,38.9523338696,-77.4479484558,-78.0311928001208,0.0,0.4240758633095538,0.5832443443208035
3446,47.5039733833,-122.15907775,-122.33355787374754,0.0,0.10382130806535628,0.17448012374754285
3449,40.06573,116.545061,127.07259223285963,0.0,2.576637286417622,10.52753123285963
3451,42.296770332,-71.397356987,-71.27002320107431,0.0,0.06543486465278647,0.12733378592568556
3458,34.0056764586,-81.0354620218,-88.25610587421389,0.0,2.894253696873605,7.220643852413886
3476,32.9274935,-97.0882484333,-96.93693617425953,0.0,0.05804346296241647,0.1513122590404663
3480,40.779101065,-73.977445445,-73.9767236942068,0.0,0.0035991422891967773,0.0007217507932040235
3484,-6.6015712945,106.806936264,108.28974038897832,0.0,-6.6015712945,1.4828041249783155
3495,39.7197877833,-104.9541563333,-104.99222358144326,0.0,0.019771377937196633,0.0380672481432498
3522,44.90842825,-93.3222710333,-93.209116554154,0.0,0.020459150650587787,0.1131544791460044
3525,47.443414388,-122.3025512695,-116.96146815056194,0.0,2.1010763926155107,5.341083118938059
3528,37.8090721333,-122.2598309833,-101.90584114511934,0.0,6.296163295431672,20.353989838180667
3529,41.9780286285,-87.9036712646,-87.70290713335999,0.0,0.07394338698892255,0.20076413124002102
3534,37.7864788714,-122.403563261,37.7864788712,-122.4035632605,0.002478028150001421,0.008969306949992983
3537,37.7864788714,-122.403563261,37.7864788712,-122.4035632605,0.002478028150001421,0.008969306949992983
3545,37.784282779,-122.4091100693,-122.39265558500182,0.0,0.005051834402472366,0.01645448429817975
3557,30.413631595,-97.6764178276,-114.2285481161303,0.0,5.140411952344856,16.552130288530293
3568,30.2662621076,-97.7364373052,-97.74241585624459,0.0,0.0015945765634945985,0.005978551044591995
3574,30.26714855,-97.74442975,30.267148525000003,-97.744429725,0.0019394662413141361,0.004972024078284676
3576,30.38710758,-97.75140742,-97.72551249631263,0.0,0.0028770652955465437,0.02589492368737467
3580,50.8099178525,8.7713679671,8.500810331800293,0.0,1.2657972828206,0.27055763529970633
3581,30.4457858951,-97.7445363778,-97.73544244274093,0.0,0.0033883430744658938,0.00909393505907019
3587,30.26280055,-97.7250684167,-97.74363228062333,0.0,0.005398752131746676,0.0185638639233332
3593,30.06616508,31.21899867,24.279773719832217,0.0,11.282816152660178,6.939224950167784
3600,42.829144517,-89.020919517,-93.1957698370387,0.0,2.0589876348848293,4.174850320038701
3602,47.443414388,-122.3025512695,-116.96146815056194,0.0,2.1010763926155107,5.341083118938059
3603,35.3706363566,-80.7181888819,-81.20875201341491,0.0,0.09398080481578575,0.4905631315149037
3608,31.4650408409,-97.1676863581,-89.84572525946164,0.0,2.3414372338760643,7.321961098638354
3612,30.2557309927,-97.7633857727,-97.75102218847533,0.0,0.005997575668235555,0.012363584224672763
3625,44.8812351421,-93.2141017914,-91.15641382571421,0.0,0.9649221600325575,2.057687965685787
3633,41.7309270902,-88.1296904932,-87.78332449729221,0.0,0.03040808044871568,0.3463659959077887
3634,30.3910714527,-97.7384144068,-97.72344916370777,0.0,0.0016572772674301461,0.01496524309223446
3645,37.7566691942,-122.4209654331,-122.43627678033425,0.0,0.005394701708013372,0.015311347234259642
3649,36.161540205,-86.7761847,-86.79354599400486,0.0,0.032298638384943956,0.017361294004857086
3652,38.8552763833,-77.0503634833,-78.08951554537187,0.0,0.5507926130453384,1.0391520620718637
3656,32.82310495,-117.103317633,-117.16693964110266,0.0,0.09706386188953076,0.06362200810265506
3663,40.7062447071,-73.9501333237,-74.00316311052937,0.0,0.02769927354652424,0.053029786829370096
3665,30.33666125,-97.72018325,-97.72699338454665,0.0,0.0021242220106891807,0.006810134546640256
3668,30.3324151,-97.7228736833,-97.73422547002741,0.0,0.012300800900089115,0.01135178672741688
3670,30.4816636167,-97.6811727167,-97.7560760736391,0.0,0.023079994769688028,0.0749033569390889
3680,45.5074450333,-73.5481279333,-75.65670090913044,0.0,0.07612735832700679,2.108572975830441
3686,30.3051652167,-97.9344108667,-97.76379726251793,0.0,0.051756638317417725,0.17061360418207983
3691,30.2447763018,-97.7573170973,-104.83249195125926,0.0,2.190949578344501,7.075174853959254
3694,30.26714855,-97.74442975,30.267148525000003,-97.744429725,0.0019394662413141361,0.004972024078284676
3697,32.8127837333,-96.7536057,-96.96556538637631,0.0,0.06722503510648892,0.2119596863763178
3702,30.2797884898,-97.7416118485,-97.77793178326662,0.0,0.013162899066930578,0.036319934766623874
3715,30.3691177667,-97.8936715833,-97.76749656783194,0.0,0.044595507485194474,0.1261750154680641
3716,33.915763818,-98.4976780415,-103.60787807167884,0.0,1.7177676311537624,5.110200030178845
3724,30.2580037984,-97.8073015809,30.2580037982,-97.80730158045,0.00034975961218108864,0.00034837936985354645
3727,35.774792,-78.762139,-83.94881065926899,0.0,2.401455937431635,5.186671659268981
3728,47.32243922,5.037190267,5.270861167234446,0.0,4.3153247012041405,0.23367090023444614
3740,34.0430230998,-118.2671570778,-118.26780926140626,0.0,0.008541621382754272,0.0006521836062631792
3749,30.529766526,-97.8147661686,-97.75449386535463,0.0,0.022340018045827748,0.060272303245369585
3760,32.8363293876,-96.7785733008,-96.62368257353455,0.0,0.05943198195535615,0.15489072726545317
3761,-23.6492612882,-46.7299175262,-49.267102109999996,0.0,-23.6492612882,2.5371845837999984
3774,37.7648395492,-122.4234918825,-122.41722235044962,0.0,0.0019388917990212917,0.006269532050382054
3780,25.7325288154,-80.2368624351,-99.57952535800719,0.0,6.243424796744961,19.342662922907195
3789,55.6669237285,12.5354578387,12.039333384490483,0.0,0.8322995955269903,0.49612445420951623
3805,40.7074172208,-74.0113627911,-74.05825501549548,0.0,0.03364231584246369,0.04689222439547791
3814,30.2012329102,-97.8389892578,-122.41930806885956,0.0,7.5872609438052585,24.58031881105957
3817,30.2525429523,-97.7470135689,-97.75282188183229,0.0,0.001320675103187341,0.005808312932288118
3821,30.3542160988,-97.7553766966,-97.06494837135398,0.0,0.21698940583664594,0.6904283252460175
3822,37.42781275,-122.07496851,-121.9807898748498,0.0,0.02699138765355258,0.09417863515020031
3825,27.5854636167,-97.2183587167,-113.74134827717452,0.0,4.8318173846405905,16.522989560474528
3827,30.508983,-97.682103,-97.66457706969413,0.0,0.023845415236905865,0.017525930305865245
3828,29.750741591,-95.3621649742,-97.7915266893883,0.0,0.7655130622217001,2.429361715188307
3840,31.8031091407,-97.0994612575,-99.26954255340097,0.0,0.7199769073320859,2.170081295900971
3843,30.3382688791,-97.8071916103,-97.74584030082076,0.0,0.022829457763698713,0.06135130947923528
3852,30.265294493,-97.7385485172,-97.74921947291051,0.0,0.0037223520479479077,0.010670955710509133
3853,41.155425154,-73.774708757,-73.89404797075872,0.0,0.1755037229162042,0.11933921375872103
3855,32.8517232,-96.7681476,-96.8959856313427,0.0,0.04093382893188391,0.12783803134269078
3859,30.3054102652,-97.7467668056,-97.74872942117256,0.0,0.0018140272108979616,0.00196261557255184
3864,30.31104325,-97.74291515,-97.74350317527936,0.0,0.0018769580132200758,0.0005880252793559748
3875,30.2646273022,-97.7419817448,-97.745019079654,0.0,0.0009695588019305035,0.003037334853999596
3898,30.3879711079,-97.7333986759,-97.72442454216034,0.0,0.00171274000848598,0.008974133739670265
3905,45.4794984167,-122.8566110333,-122.75983931016958,0.0,0.04066791800931924,0.09677172313041638
3910,32.84061193,-96.789568,-95.88523322660913,0.0,0.29716819328793065,0.9043347733908718
3936,34.6911242792,-86.5748565257,-105.08660757056205,0.0,7.405694067803722,18.511751044862052
3940,30.2662349,-97.7451539333,-97.74814356495438,0.0,0.0012982697378696173,0.0029896316543727153
3942,37.4054868333,-122.1106726667,-122.15288610905395,0.0,0.011427235841033223,0.04221344235395463
3944,33.1526841667,-96.8635839333,-92.38915203832572,0.0,1.543014207630371,4.474431894974288
3946,30.2654149575,-97.7401685715,-97.73135396943948,0.0,0.0030048946871268356,0.00881460206052509
3947,30.348245128,-97.73574543,-97.11685391387314,0.0,0.194981664594291,0.6188915161268511
3957,38.9623511333,-77.3631202667,-77.62766799921509,0.0,0.21673752605265406,0.2645477325150978
3962,31.078921732,77.179677218,113.02750007495084,0.0,4.025872000829896,35.84782285695084
3975,37.4462125,-122.1613662667,-122.1369847633422,0.0,0.008845837883711738,0.024381503357801648
3984,37.7858259859,-122.4065190554,-122.39485528232068,0.0,0.003404190934261919,0.011663773079320094
3986,43.0841381786,-77.6762795448,-73.64383226035652,0.0,2.2542655736466273,4.032447284443478
3991,33.0041656833,-96.7703933,-96.72563153046613,0.0,0.013072428454009355,0.04476176953386357
3995,29.9805910328,-95.5116469388,-118.45540577124325,0.0,7.199178365893232,22.94375883244325
4009,33.90184877,-118.366385807,-117.62331412761343,0.0,0.20552826504879107,0.7430716793865741
4012,32.8201103167,-96.78474425,-96.95172241065622,0.0,0.05877924523623079,0.16697816065621396
4047,37.9778972333,-121.99287705,-106.87908379307623,0.0,4.704333749491191,15.11379325692377
4055,30.3971399771,-97.7267897129,-97.71590165646892,0.0,0.009758192444852654,0.010888056431085147
4059,-27.5300870167,153.07148505,160.8805475252619,0.0,-27.5300870167,7.8090624752618965
4078,30.2714843241,-97.7416706085,-113.16327163188456,0.0,4.776582691615587,15.421601023384554
4086,42.3764229742,-71.0606485605,-71.09934741736419,0.0,0.019543398033704307,0.03869885686418684
4105,45.6648278833,8.9891753,9.170046567329962,0.0,0.18322070790466682,0.1808712673299624
4106,30.267601826,-97.7442133427,-97.74939537025,0.0,0.0015011271000027193,0.005182027550006296
4109,38.1397042333,-78.4499399833,-81.12349665421172,0.0,1.1942365402222634,2.673556670911722
4112,30.2672588667,-97.7396321167,-97.7425799301342,0.0,0.0006440304995543045,0.0029478134342042495
4116,30.26780605,-97.74154185,-97.74149776780689,0.0,0.0001914701341085845,4.4082193113581525e-05
4124,40.2541209369,-111.6585537371,-94.93529176873743,0.0,5.958889113926126,16.723261968362564
4126,37.4535173937,-122.1823775768,-122.16022484004937,0.0,0.0068292343881921624,0.0221527367506269
4128,40.785545662,-74.0459311008,-73.9123694122478,0.0,0.0705482595210043,0.13356168855220574
4130,28.4311095989,-81.3075828552,28.43110959845,-81.30758285510001,0.05874886186550654,0.031364451241088886
4133,30.4472712665,-97.7908462286,-111.34929087862153,0.0,4.213361761427617,13.558444650021528
4137,37.87039875,-122.2677898333,-97.74463078783101,0.0,7.594807591435849,24.523159045468987
4142,30.3067650667,-97.7445846167,-97.75055006124998,0.0,0.0011495736000028955,0.005965444549985932
4146,30.270083,-97.750427,30.2700815,-97.75042350000001,0.0023099968138389215,0.008967557983609709
4148,30.3153949668,-97.7340263128,-97.74445805765053,0.0,0.00046432674926677464,0.010431744850535551
4163,40.0168513615,-105.2773582935,40.016851361250005,-105.27735829325,4.724640000119962e-05,0.0034278628500032937
4165,30.3220304833,-97.7396720167,-97.76996999531406,0.0,0.0028776504611087717,0.030297978614058252
4199,38.6553837592,-90.298693345,-90.66884097516807,0.0,0.17664451259032887,0.37014763016806285
4200,39.0935326667,-94.5931743,-94.58627247978411,0.0,0.0035095221603782534,0.0069018202158872555
4201,38.9715419647,-95.2353050728,38.971541964349996,-95.2353050724,0.0018244375343243746,0.0007095654856072997
4207,38.9711785167,-95.2350574333,38.97117851635,-95.23505743314999,0.0014014059887088592,0.000972959543929619
4211,38.9692738566,-95.2361052154,-95.23523668374217,0.0,0.0020010906607126344,0.0008685316578294078
4218,29.9839699528,-90.2578353882,29.9839699524,-90.2578353881,0.6972957730374887,2.1232381649412275
4224,44.8812351421,-93.2141017914,-91.15641382571421,0.0,0.9649221600325575,2.057687965685787
4229,30.26714855,-97.74442975,30.267148525000003,-97.744429725,0.0019394662413141361,0.004972024078284676
4234,37.7814657086,-122.3987731615,-122.39952477821707,0.0,0.0003024624268732623,0.0007516167170678045
4235,37.7819137573,-122.4098510742,-122.40736152404911,0.0,0.00032879042112199386,0.0024895501508979123
4239,30.26141515,-81.5537285167,-122.68081914995635,0.0,15.262779606561065,41.127090633256344
4241,59.3098866833,18.0592571667,18.05247179218169,0.0,0.012437785028510007,0.006785374518308629
4253,26.1463356833,-80.12081535,-117.19863345150735,0.0,12.072028142991453,37.07781810150735
4256,37.4393692295,-122.1737730503,-122.09445455674506,0.0,0.027479185591182897,0.07931849355493625
4269,42.7018344093,-73.1153547764,-71.25698969702404,0.0,0.9489835246864828,1.8583650793759574
4272,52.5198774333,13.3881898167,13.890782270369563,0.0,3.0040999734447453,0.5025924536695623
4285,13.785256,100.545462,101.28111996288875,0.0,0.7457413348170245,0.7356579628887516
4287,51.7414967667,0.4741954167,51.52437880203512,0.0,0.21711796466487954,0.4741954167
4288,1.34677708,103.93271416,103.87227944300272,0.0,0.020640664842044965,0.060434716997278315
4289,42.3704030842,-87.9360938072,-92.59474769702327,0.0,2.2371415704463686,4.65865388982327
4295,51.51774879,-0.157903883,-0.1480579607350735,0.0,0.019526310304030403,0.009845922264926504
4296,-30.0222507,-51.1624974,-50.97841669392755,0.0,-30.0222507,0.18408070607245008
4300,41.341483619,-8.4737915159,-6.423140065634224,0.0,6.974782507771124,2.050651450265776
4307,47.671896237,-117.090611335,-89.00890973257063,0.0,11.440186864211974,28.081701602429376
4308,38.85375422,-77.05000221,-78.01892765810865,0.0,0.5177204236779147,0.9689254481086493
4309,33.8649942667,-84.4812543167,-84.41688514417028,0.0,0.008321978774574745,0.06436917252972307
4314,22.53451156,113.97977656,104.95468206972943,0.0,2.374645874358759,9.025094490270575
4318,42.313774429,-122.84657836,-104.27955280602072,0.0,6.458120095325576,18.567025553979278
4326,37.3943017,-122.0787845333,-122.12411174130791,0.0,0.013688057858622926,0.045327208007918784
4330,40.6438845363,-73.7828063965,40.64388453615,-73.78280639625001,0.11183518085620392,0.20390117942379504
4343,37.4287810339,-122.1504083713,-121.9952661955752,0.0,0.04376599992212249,0.15514217572480504
4346,37.9030211888,-122.0652592346,-97.1618945050561,0.0,7.735841954883792,24.90336472954391
4348,40.721722,-73.99689,-74.04634680032508,0.0,0.03124417663425305,0.049456800325089034
4358,37.7897940842,-122.4073880911,-122.42530025388355,0.0,0.00560794401829412,0.017912162783545682
4363,40.7615558667,-73.9703734167,-73.985453425474,0.0,0.0061502769230799,0.015080008774006615
4373,37.7943713167,-122.4212560667,-122.43160073343749,0.0,0.0033578425170261994,0.010344666737495345
4376,37.7954668725,-122.4613682485,-122.4197557287916,0.0,0.014477535906252115,0.0416125197083943
4380,37.7022554,-122.4709829,-122.12854493460982,0.0,0.08668725361720675,0.34243796539017524
4383,37.772436001,-122.404114064,-122.41407178265403,0.0,0.003283019692993605,0.00995771865403583
4395,37.8737354974,-122.2541642189,-97.77986248048896,0.0,7.580086016300484,24.474301738411043
4403,30.2671570431,-97.739149332,-97.74355678390471,0.0,0.0010209946326327213,0.004407451904711479
4404,58.970995722,5.735765316,4.954722120697831,0.0,7.1507568111646265,0.7810431953021695
4411,36.113185804,-95.97516297,-99.95337853531264,0.0,1.4882544864514173,3.978215565312638
4414,47.3651599167,8.5478075667,8.59953218326128,0.0,0.35037366426031014,0.05172461656128036
4424,25.7903865833,-80.1362464833,-81.04602499080875,0.0,0.26026510416563653,0.9097785075087472
4428,45.52204385,-73.5739991667,-75.66083513830095,0.0,0.09091324697875791,2.086835971600948
4439,37.8707446386,-122.5037614744,-97.49954181020574,0.0,7.730936684716944,25.004219664194252
4449,37.4293469571,-122.1662716077,-122.17797010295041,0.0,1.540690573875736e-05,0.011698495250413998
4453,37.6424923922,-122.4030546806,-121.40695583623827,0.0,0.31419593228577725,0.9960988443617254
4460,37.7821282667,-122.3927146,-122.392930264026,0.0,8.830402320825215e-05,0.00021566402600114998
4464,37.4438202333,-122.1615314333,-122.13754369698565,0.0,0.006273065768922947,0.02398773631435347
4465,33.9835813047,-118.4365969641,-117.71667290530152,0.0,0.24486847398052447,0.7199240587984832
4469,34.1153717057,-118.2586822525,-118.3172696851841,0.0,0.03322257979326082,0.05858743268410649
4478,37.7954745377,-122.3959565163,-122.39698080003683,0.0,0.0006527334661896589,0.0010242837368252822
4488,36.1988801621,-95.9037190676,-101.2811305402231,0.0,1.97560975930039,5.377411472623109
4499,31.10191011,-97.34189647,-86.26775265117283,0.0,3.524571261353408,11.074143818827167
4504,32.7583336667,-97.0668482667,-97.12727543177215,0.0,0.011254669244699755,0.06042716507214152
4511,29.74713325,-95.4103649833,-100.56230069273255,0.0,1.5918071083140752,5.15193570943255
4517,42.2983892119,-71.3948464394,-71.26678096647609,0.0,0.0654344569666847,0.12806547292390746
4526,34.8508699505,-82.3998427391,-86.10492451058569,0.0,1.6160696453943189,3.7050817714856947
4527,26.41498684,-80.11753726,-90.65995111875799,0.0,3.4461767093043747,10.542413858757982
4531,33.9945570333,-81.0366823167,-88.38039858425404,0.0,2.968043109979753,7.3437162675540435
4535,50.8226884667,-0.1460862167,-0.15792364838329426,0.0,0.6871031523574729,0.011837431683294264
4539,40.1348077149,-74.9612108836,-74.99956233950765,0.0,0.17213444145399137,0.03835145590764455
4548,33.3807542667,-111.7565744167,-106.9881495424897,0.0,1.4275113975486917,4.768424874210311
4555,32.8977138806,-97.036678791,-96.98093153797763,0.0,0.017625825111224458,0.05574725302237482
4556,37.6551167356,-77.6185761622,-81.80363804651061,0.0,2.0044558849966165,4.185061884310613
4561,42.4292060319,-71.0152924061,-71.1195351182734,0.0,0.025794412774850173,0.1042427121734022
4564,33.6713541987,-117.6473522186,-117.30055689219508,0.0,0.10443969404039422,0.34679532640492994
4565,43.6508331126,-79.3752937306,-78.08530636485195,0.0,0.7171011497208895,1.2899873657480612
4568,33.0709892,-117.2659056,-110.88948602246523,0.0,1.930502685217217,6.376419577534762
4573,43.6433426265,-79.3986546993,-75.04068066436024,0.0,2.3770834061230275,4.357974034939758
4580,36.1768427856,-115.1351094246,-112.17332009482448,0.0,0.9590074676972264,2.9617893297755273
4584,45.5889060639,-122.5931739807,-118.1396758162506,0.0,1.615484853958428,4.4534981644494
4616,35.4938044833,-97.5144087167,-97.52603740762065,0.0,0.008221377672370522,0.011628690920645113
4617,35.6540881897,-97.5484013557,-97.5668916841363,0.0,0.044113282775782636,0.018490328436300274
4618,34.43915015,-119.7291396167,-118.2533783526917,0.0,0.41548801204351804,1.4757612640082982
4633,50.8255193514,-0.1390887994,-0.14023331994266622,0.0,0.6845698344143543,0.0011445205426662275
4634,32.9495976167,-96.7835160833,-96.83938443176257,0.0,0.0027852824487553107,0.055868348462567496
4645,37.780697925,-122.3934962638,-122.42344406557112,0.0,0.009153600026941433,0.029947801771115223
4648,32.9998232,-97.22846485,-96.79050548153143,0.0,0.14996528375669982,0.43795936846856875
4655,36.1037054604,-115.1689926814,-117.3788327486679,0.0,0.6915614273822897,2.209840067267905
4660,38.9777154833,-76.7421256,-80.92179304041065,0.0,2.1070790401524846,4.179667440410654
4674,32.2243380547,-96.8856972456,-87.71837627119345,0.0,3.0664114914652814,9.16732097440655
4691,44.9120383727,-93.3189547062,-93.21707436605641,0.0,0.024166487667400816,0.1018803401435946
4699,33.0511824139,-96.7947864532,-96.78185098973526,0.0,0.00898806930696594,0.012935463464742725
4701,50.8235358815,-0.1383268833,-0.1409924667953283,0.0,0.6844233275837368,0.0026655834953282775
4702,30.2758484764,-97.7399218082,-97.74065359734851,0.0,0.0001134644332445589,0.0007317891485172368
4710,32.8631973167,-97.0583510333,-89.05126864273808,0.0,2.706919088932654,8.00708239056192
4719,53.3411366387,-6.2627153139,-4.460699093085596,0.0,8.133910558933458,1.8020162208144042
4728,44.9736056833,-93.3084789,-91.77369130314644,0.0,0.760642701782416,1.5347875968535618
4740,37.4500914333,-122.1658578667,-122.16092298581842,0.0,0.00500025089164069,0.004934880881577897
4747,32.8974616458,-97.040348053,32.8974616454,-97.0403480515,0.031863412650004364,0.1089707366500079
4748,21.2932530185,-157.8231739998,-158.1541905947937,0.0,0.22924392461521137,0.33101659499371294
4752,33.746254613,-117.8696200949,-117.90345213367767,0.0,0.0032890616846472653,0.03383203877767471
4774,37.7948556438,-122.3957473039,-122.41105494797429,0.0,0.004307681486928061,0.015307644074297855
4783,21.2842659611,-157.7067768574,-158.14969614735867,0.0,0.23479478025530298,0.4429192899586667
4785,51.5359387831,-0.110861063,-0.10911119837787901,0.0,0.020553611450559117,0.0017498646221209835
4793,42.5525270479,-70.9400725365,-71.42229609639271,0.0,0.07989444294180714,0.4822235598927165
4796,49.2820071825,-123.1064039469,-93.57951183735929,0.0,11.820841636021008,29.52689210954071
4803,40.0193019592,-105.2724686265,-105.27409361144603,0.0,0.0021289448546113476,0.0016249849460336918
4804,35.5250140833,-97.5355271667,-97.52693748233763,0.0,0.026325625979943368,0.00858968436237717
4808,47.9947825658,7.8465342522,7.7103485816327115,0.0,1.462151971154917,0.13618567056728814
4811,42.442482186,-83.046024473,-79.09657841930455,0.0,2.0306633379320544,3.9494460536954534
4813,30.255937882,-97.76325346,-97.75104468016241,0.0,0.006192829979088543,0.012208779837592942
4815,37.7953388902,-122.3937249184,-122.39776375157805,0.0,0.001221122279034148,0.004038833178057644
4816,44.96771035,-124.016804433,-106.92618060034557,0.0,6.145545174070186,17.09062383265443
4825,39.0618531333,-77.1592677,-80.59797783242708,0.0,1.7312034801518124,3.438710132427076
4833,42.3630639667,-71.1651650667,-71.15231663680485,0.0,0.0237981597830057,0.012848429895143454
4851,33.4842574596,-112.0735555887,-109.97552191466856,0.0,0.6452392961207707,2.0980336740314414
4852,32.941051578,-96.8377876282,-96.81677040718951,0.0,0.02432290436681228,0.021017221010495746
4861,53.4851704,-2.2376256833,-2.234308588168341,0.0,0.013963500494547532,0.003317095131659009
4869,40.3002886,-105.08817205,-104.9523282404054,0.0,0.1377035474511601,0.13584380959460418
4874,47.6500186667,-122.3516899,-122.34397591515138,0.0,0.022572746694919488,0.00771398484862118
4875,39.70909795,-105.0763858833,-104.98799120478803,0.0,0.010797165359903715,0.08839467851197469
4878,37.789453943,-122.403885036,-122.41972118482849,0.0,0.004546134952128966,0.015836148828483942
4883,32.804289917,-117.1541255,-117.16660099490115,0.0,0.07949429584977707,0.012475494901138973
4897,1.2976490588,103.8832747936,103.92518102100988,0.0,0.06488290879323233,0.041906227409882035
4906,37.8018400833,-122.274761,-99.40865005098537,0.0,7.071005032998944,22.866110949014626
4907,28.3713466601,-81.5157651901,-82.04747589716932,0.0,0.20361320182740883,0.5317107070693226
4913,40.2241810667,-75.1370469833,-74.99806288231235,0.0,0.0853613547312051,0.13898410098764202
4944,40.7646514005,-73.9857705784,-75.65352929790058,0.0,0.9198764646418738,1.6677587195005827
4951,42.4468494298,-71.024703144,-71.09834342935476,0.0,0.06287807129449874,0.07364028535475597
4954,42.26323109,-73.76775038,-73.67959634531522,0.0,0.2674439240831106,0.08815403468477712
4967,30.26700785,-97.749578633,-97.74495692258574,0.0,0.001458483127283472,0.004621710414255631
4968,35.4632193824,-97.5772579477,-102.95662150397672,0.0,1.968840988991289,5.379363556276715
4982,40.715058,-73.9496216,-73.99668722546036,0.0,0.027743402924414795,0.047065625460362526
4986,40.6401071227,-73.7864112854,-73.91522193622085,0.0,0.07645288735641742,0.12881065082083865
5008,53.7489020384,-2.4855261891,-2.245948211933146,0.0,0.3575182120550622,0.2395779771668538
5015,40.7287547754,-73.9954304695,-73.999182607316,0.0,0.00036605407682088753,0.0037521378160079166
5022,38.94718765,-92.3288226,-83.98695753240654,0.0,3.3300650550289888,8.34186506759346
5040,42.4441558274,-73.253540494,-72.13611548111872,0.0,0.594355584088234,1.1174250128812844
5046,42.951978719,-76.545525541,-74.0806748560032,0.0,1.6074395729513213,2.4648506849968044
5051,37.61467,-122.3851,-122.38615036005001,0.0,0.001686064450005631,0.0010503600500157972
5058,32.05154925,34.7508707,24.279856894912484,0.0,9.29757237416927,10.471013805087516
5073,37.44815485,-122.1605199833,-122.1609103394752,0.0,0.0030572134955235697,0.0003903561751883444
5074,37.2220970833,-121.9830544667,-121.85935496482685,0.0,0.02834586230338232,0.12369950187314771
5078,37.5373680333,-122.2673812833,-122.1731328115062,0.0,0.02649093444287587,0.09424847179379015
5089,37.8221957667,-122.53118805,-122.40441771896445,0.0,0.038758838068183366,0.12677033103554436
5093,38.557262867,-121.259229883,-120.5686661811365,0.0,0.2676706916603848,0.6905637018634962
5098,37.759688872,-122.4271774292,37.759688870999994,-122.4271774291,0.0011000912114198513,0.002897878464082737
5103,37.4269115833,-122.1443653,-121.9945626876319,0.0,0.04208716426513348,0.14980261236810577
5115,37.357492136,-121.935732444,-122.1705915956724,0.0,0.07102498256416112,0.2348591516724099
5118,37.4213841679,-122.1567571163,-122.15750667309662,0.0,0.0030370402750818926,0.0007495567966202543
5130,32.8974616458,-97.040348053,32.8974616454,-97.0403480515,0.031863412650004364,0.1089707366500079
5138,30.3086064,-97.9199828,-97.75831678255871,0.0,0.048760605358975084,0.1616660174412914
5143,30.2811204101,-97.7452111244,30.28112041005,-97.7452111242,0.014123492399995996,0.03906100975000015
5145,38.980962928,1.29591465,2.002670730170003,0.0,10.758741487039686,0.7067560801700028
5150,30.29805078,-97.747869239,-97.74334016525744,0.0,0.005649866587869923,0.004529073742560286
5152,30.4329306,-97.7607700667,-105.76559864236714,0.0,2.4848651027113107,8.004828575667133
5159,30.2811204101,-97.7452111244,30.28112041005,-97.7452111242,0.014123492399995996,0.03906100975000015
5161,39.0419078068,-94.5935359855,39.0419078064,-94.59353598525,0.0016110861180251845,0.0036944469798783075
5163,29.603420672,-98.469223523,-99.69896530280666,0.0,0.37627128441049607,1.229741779806659
5171,32.9433880764,-97.1319401264,-96.90679358392867,0.0,0.08454389916573035,0.2251465424713217
5177,34.7241986485,-98.5988295078,-84.07298078314902,0.0,5.20861053442999,14.525848724650984
5178,32.8077553667,-96.8098443167,-93.97762675138316,0.0,0.9618988257799401,2.8322175653168387
5185,32.9915958333,-96.9753761167,-96.8236037255395,0.0,0.06948982070942833,0.151772391160506
5191,29.9856449891,-95.3444948502,-104.88346445044488,0.0,2.993973777526204,9.538969600244883
5193,41.7020759222,-86.2389850616,-91.88827081560191,0.0,2.6987867811707886,5.649285754001909
5194,32.29279495,-95.3048247833,-91.53380641358655,0.0,1.281586042516441,3.7710183697134596
5195,32.7560793108,-97.3305416107,-97.44140090158216,0.0,0.06110904740392442,0.11085929088216062
5206,35.3172559833,-97.4889026833,-105.00407665174812,0.0,2.7394373181872,7.515173968448124
5208,35.6687814333,-97.51494395,-97.56689694155295,0.0,0.05866729102621804,0.051952991552951744
5209,29.9877985723,-95.3393554688,-103.10520094881366,0.0,2.427815023278015,7.765845480013667
5219,30.2280697167,-97.76891765,-103.2164124339953,0.0,1.6817516714533056,5.447494783995296
5220,49.901210573,-97.211611895,-80.92880947597088,0.0,8.479646392742104,16.282802419029125
5234,34.599811311,-118.148819474,-114.4088635315107,0.0,1.2942354652983212,3.7399559424893027
5246,35.6233086927,-97.4825906754,-97.56688935914127,0.0,0.013395360026592584,0.0842986837412667
5257,35.385156602,-119.105770191,-111.9127354147505,0.0,1.9805007217153303,7.193034776249505
5262,30.3950209167,-97.7484468667,-97.72232215200563,0.0,0.005918337279528174,0.026124714694361728
5276,42.0366718159,-88.2401704788,-87.83014802430567,0.0,0.13027411076630813,0.4100224544943245
5285,40.7179355,-73.99150925,-74.06462819040405,0.0,0.03890498805054676,0.07311894040405775
5305,37.7615074333,-122.4247361167,-122.42019812004898,0.0,0.0034962320636680033,0.0045379966510239456
5311,37.78246735,-122.38804595,-122.39470527415911,0.0,0.001675006298604842,0.006659324159102198
5316,37.773138563,-122.422875756,-122.44355324112809,0.0,0.0064000455349173535,0.020677485128089756
5317,51.7539952859,-1.2618451602,-1.5513421703290635,0.0,2.5789692659604313,0.2894970101290635
5322,37.7661215333,-122.4220989167,-122.420888618211,0.0,0.0016320676353558383,0.0012102984889992285
5329,37.7836761578,-122.4030380599,-122.42192819964664,0.0,0.005677773205960079,0.018890139746645218
5341,30.265331559,-97.7355980873,-97.74917410106298,0.0,0.003988845988619261,0.013576013762971684
5357,33.223455,-96.689091,-100.39729747912317,0.0,1.1966898120725062,3.708206479123163
5364,37.6163560649,-122.3861503601,37.61635606445,-122.38615036005001,37.6163560649,122.3861503601
5367,41.9540681,-87.6750101167,-87.67197231150037,0.0,0.020735098825710452,0.0030378051996251543
5370,32.915988,-96.961626,-96.9541719779885,0.0,0.0022615138501009824,0.007454022011501138
5374,-33.8773197833,151.2139129833,158.2197672086768,0.0,-33.8773197833,7.005854225376822
5383,32.8974616458,-97.040348053,32.8974616454,-97.0403480515,0.031863412650004364,0.1089707366500079
5393,37.001524217,-121.920592067,-105.01829023376462,0.0,5.1358802426246015,16.902301833235384
5397,47.6172148589,-122.2011315823,-122.3403204139289,0.0,0.054858465005175105,0.13918883162889983
5411,38.2562114636,-85.7643842697,-98.54544181028143,0.0,5.581505070397419,12.781057540581429
5412,51.4711990231,-0.4536151886,-0.4852869468267145,0.0,0.38271300079511406,0.03167175822671453
5422,44.283713,-73.981947,-72.62753570504286,0.0,0.8693452282407961,1.3544112949571456
5429,18.4301183333,-69.6768527333,-105.73767067113471,0.0,10.42791923619366,36.06081793783471
5435,41.1699966667,-73.4984482833,-73.90120608913082,0.0,0.18576168337200016,0.40275780583083076
5444,37.421230795,-122.2121715546,-122.12349389132372,0.0,0.023649454225200373,0.08867766327628601
5454,26.3507462886,-80.0853315073,-89.00823714911279,0.0,2.85984052877912,8.92290564181279
5456,39.7811231,-86.1618070667,-85.71579476919233,0.0,0.18485077347185808,0.44601229750767857
5461,21.3331932881,-157.9205703735,-158.1350315296557,0.0,0.17465569028895445,0.21446115615569283
5471,40.0194395844,-105.2793055773,-105.27653113013272,0.0,0.0018429724683031168,0.002774447167269045
5481,36.1361851012,-115.151706934,-108.9083014674737,0.0,1.9530482984437683,6.243405466526298
5485,37.785102377,-122.4004902459,-122.40222423752802,0.0,0.00040543285745542335,0.0017339916280150192
5498,37.78106825,-122.4024706667,-122.39722734804833,0.0,0.0014160228919877227,0.005243318651665163
5526,36.1270195833,-115.2100459333,-115.18157780461829,0.0,0.013245197026023448,0.028468128681709004
5530,37.7234880167,-122.4020139,-113.79056728535373,0.0,2.6601536405747765,8.611446614646269
5536,34.1037866167,-118.2916707167,-118.2540121692252,0.0,0.021084772592850243,0.03765854747479125
5555,37.4535173937,-122.1823775768,-122.16022484004937,0.0,0.0068292343881921624,0.0221527367506269
5557,29.652087778,-82.3251914978,-96.55993165736793,0.0,5.225092194372703,14.23474015956792
5562,30.2526723667,-97.74507715,-97.75801166891723,0.0,0.007695358258011709,0.012934518917234072
5565,37.7648846167,-122.42260265,37.76488461635,-122.422602625,0.0016151957825343288,0.007225853326502829
5575,38.684620496,-121.17923958,-100.86913417368449,0.0,6.5598169477665635,20.310105406315515
5577,30.2707337816,-97.7537029982,-97.74939537025001,0.0,0.0016308284999979605,0.004307627949984294
5599,30.2707337816,-97.7537029982,-97.74939537025001,0.0,0.0016308284999979605,0.004307627949984294
5603,37.7866230142,-122.4041211605,-122.39497218289968,0.0,0.0025176743909653965,0.00914897760031863
5619,37.7916678343,-122.4278104305,-122.40638279591091,0.0,0.006819662536081239,0.02142763458908803
5625,49.2809088333,-123.1044482667,-98.7619070852727,0.0,9.744888521701078,24.342541181427308
5628,37.7626650667,-122.39608225,-122.40257637122666,0.0,0.0014953148803940053,0.006494121226651828
5638,37.7529029064,-122.4083912373,-122.43872599580025,0.0,0.009832570967844845,0.030334758500259795
5640,34.0555483265,-118.2498192787,-118.27308311639018,0.0,0.010225307666935635,0.023263837690180367
5641,37.7931159746,-122.3918410907,-122.42553211545555,0.0,0.010757678914011137,0.03369102475555508
5644,33.63460625,-111.9773919667,-114.50065340073184,0.0,0.7719288212369619,2.523261434031838
5651,40.7369662185,-73.989434286,-73.99668241000899,0.0,0.005836568401882403,0.007248124008981449
5652,50.8235358815,-0.1383268833,-0.1409924667953283,0.0,0.6844233275837368,0.0026655834953282775
5654,30.2841460667,-97.71858215,-106.34214398218734,0.0,2.669449886358489,8.623561832187335
5658,30.2648496997,-97.7312850952,-97.74216276016526,0.0,0.003659704018975418,0.010877664965263989
5663,30.2766684833,-97.7519365167,-113.35737939008543,0.0,4.833111267656506,15.605442873385428
5666,30.24197685,-97.76581585,-110.37101452860229,0.0,3.8999359320664695,12.605198678602292
5671,32.827529824,-97.298300646,-97.25369378097156,0.0,0.0064811690233526065,0.04460686502844169
5672,29.7663241625,-95.4092484713,-97.78767814476093,0.0,0.7493106250786497,2.3784296734609285
5677,30.272031012,-97.7541106939,-97.74094067412754,0.0,0.0040208037416356035,0.013170019772459796
5681,30.26705743,-97.7362686396,-97.73728627329447,0.0,0.00038703245728655133,0.0010176336944738296
5687,37.7517926333,-122.4276765667,-122.46403537755752,0.0,0.01146694471883336,0.03635881085752146
5693,40.6438845363,-73.7828063965,40.64388453615,-73.78280639625001,0.11183518085620392,0.20390117942379504
5695,30.2629871058,-97.7563261986,-97.75096178025001,0.0,0.002752255750003485,0.005364418349984135
5699,30.261244,-97.74279,-97.74344407857699,0.0,0.0022146082041061277,0.0006540785769857393
5703,30.2602348501,-97.7509617805,30.26023485005,-97.75096178025001,30.2602348501,97.7509617805
5714,30.2649630167,-97.73164035,-97.7422052128788,0.0,0.00355756825247866,0.010564862878794656
5722,37.6291812,-122.40319997,-121.08362945126665,0.0,0.4031487529425064,1.3195705187333573
5735,30.2298736543,-97.7314300494,-97.77960097852429,0.0,0.01299358418158647,0.048170929124282225
5738,37.6163560649,-122.3861503601,37.61635606445,-122.38615036005001,37.6163560649,122.3861503601
5740,30.2369534281,-97.7494597435,-110.01386179255309,0.0,3.794433399390769,12.26440204905309
5741,30.2810248667,-97.7586527333,-97.74368734183153,0.0,0.005745178650386151,0.014965391468464873
5746,30.2634967743,-97.7580749989,-97.75096178025001,0.0,0.003261924250001158,0.007113218649990927
5748,30.2826696333,-97.7422088333,-97.74525724442299,0.0,0.0024258313874483406,0.0030484111229895916
5768,30.5601545826,-97.6905047894,-116.71337673861782,0.0,5.962460656038985,19.02287194921783
5775,52.5308864833,13.4108328167,13.858283927961946,0.0,2.9004876264806114,0.44745111126194637
5784,30.2621386839,-97.7424075848,-97.7458892848157,0.0,0.0027118904548295575,0.0034817000156976974
5787,47.9925573167,2.7328345,2.5768231739979095,0.0,1.2731763582818516,0.15601132600209056
5789,30.2675068465,-97.739956677,-97.74181648151867,0.0,0.0009113540369973805,0.0018598045186735135
5792,52.5327815399,13.412976265,13.855690603386384,0.0,2.891206224129185,0.4427143383863843
5801,36.80605971,-119.70115607,-121.50103052929148,0.0,0.5498615321785394,1.7998744592914875
5808,33.7827499933,-84.393260479,-103.24509598904716,0.0,7.548447702081575,18.851835510047152
5820,37.8596256131,-122.4858082382,-97.75855273289608,0.0,7.640075202492092,24.727255505303916
5829,42.3679933813,-71.0765862465,-71.10106894902269,0.0,0.017805245679028303,0.024482702522689692
5843,33.80540567,-118.35132008,-117.64217543119453,0.0,0.17801070983424694,0.7091446488054629
5859,46.51569539,-0.65279251,-0.6252325014401723,0.0,4.236996216300319,0.027560008559827764
5867,37.7676251089,-122.231771713,-97.82310463433141,0.0,7.5415818267325285,24.408667078668586
5877,37.7016190689,-121.899407208,-97.77594376437673,0.0,7.461375391741321,24.123463443623265
5878,40.8908980333,-72.37472435,-73.05343357196935,0.0,0.923182221749947,0.6787092219693562
5882,30.3382688791,-97.8071916103,-97.74584030082076,0.0,0.022829457763698713,0.06135130947923528
5883,27.699170784,111.655553967,91.78895594383243,0.0,7.958608438689193,19.86659802316757
5887,38.546862,-89.863827,-90.43256247407326,0.0,0.1719666254491372,0.5687354740732644
5893,41.2948331582,2.0789909363,2.468356597492244,0.0,7.645977483100985,0.38936566119224425
5899,43.701557089,-79.3972943539,-73.998302721021,0.0,2.9729070060030978,5.398991632878989
5905,41.9780286285,-87.9036712646,-87.70290713335999,0.0,0.07394338698892255,0.20076413124002102
5914,45.5698567629,-122.6870781183,-117.0442606345799,0.0,2.1093752081438595,5.642817483720094
5937,33.4986799167,-111.92619855,-104.24987714695708,0.0,2.3251612269874897,7.67632140304292
5947,40.1416290167,-82.9881025667,-90.50044769054372,0.0,3.645342612972989,7.51234512384373
5958,30.2636079743,-97.7395677567,30.26360797415,-97.73956775635,0.0025201076467773476,0.006146549135436885
5961,42.513220481,-83.099727183,-83.1313856405951,0.0,0.027759837943669652,0.031658457595099776
5963,43.1550113081,-77.6189339161,-73.87089096681554,0.0,2.1890445144133537,3.748042949284468
5965,37.7529224167,-122.4075517833,-122.44604083199509,0.0,0.011818808420549942,0.03848904869509795
5986,38.9086631356,-77.0426023006,-77.0328805384138,0.0,0.009466641899066985,0.009721762186188698
5989,59.60190315,-151.423011617,-110.79957290239912,0.0,16.082797417510392,40.623438714600866
6010,37.7569830429,-122.2497975826,-120.37485210648094,0.0,0.583719862810284,1.874945476119052
6029,45.54044415,-122.6638216667,-122.65050908707478,0.0,0.01825215953471826,0.013312579625221588
6031,29.7673190564,-95.4097045491,-97.79081426918269,0.0,0.7478537960215483,2.3811097200826907
6032,35.6107216333,-97.58349895,-97.56702650992668,0.0,0.002754504333026375,0.016472440073329153
6038,35.5462353833,-97.5122543333,-97.54854394831902,0.0,0.012308520390007516,0.03628961501901529
6044,55.869147063,-4.4355583191,-3.1918888870596476,0.0,1.6273284247714486,1.2436694320403525
6055,35.4656669667,-97.51046975,-101.1131685869252,0.0,1.3147481841400364,3.6026988369251995
6057,38.6490700803,-121.5182304382,-120.16675087517743,0.0,0.4855177750519033,1.351479563022579
6059,37.3664565757,-121.9263339043,37.36645657535,-121.92633390415,0.048196922966198485,0.14690777440171132
6072,33.7403734592,-84.3583703041,-89.0496522157075,0.0,1.8751395505242243,4.69128191160749
6075,39.952232417,-75.197647883,-75.29152630645187,0.0,0.07517392230849396,0.09387842345186925
6076,30.265331559,-97.7355980873,-97.74917410106298,0.0,0.003988845988619261,0.013576013762971684
6080,45.5226767,-122.6733613,45.52267635,-122.67336115,0.0016529974499945865,0.007445813300009263
6081,33.7706729833,-84.3528813167,-94.38265040102189,0.0,4.01228435547695,10.029769084321885
6088,34.0953021007,-84.174939394,-83.86872120781536,0.0,0.12360442064446886,0.30621818618465113
6090,33.7466141,-84.3768722167,-95.22569207224544,0.0,4.340317899939301,10.848819855545443
6113,30.2671515833,-97.7360916,-97.74732380795236,0.0,0.00355637632605621,0.011232207952360795
6120,30.4633649333,-97.6659149667,-97.79677923443539,0.0,0.051787807545522924,0.13086426773539017
6136,30.3127282831,-97.7384792405,-97.79524825009722,0.0,0.020888718320819066,0.0567690095972182
6139,-33.9714098084,18.5995101929,18.454706701698292,0.0,-33.9714098084,0.14480349120170644
6154,30.2335608496,-97.8244543076,-99.31081197948158,0.0,0.4643044088214161,1.4863576718815779
6156,30.209779688,-97.775268006,-97.81965504520784,0.0,0.015272772325250372,0.04438703920783382
6174,37.1575076833,-93.2633004833,-109.86697741832283,0.0,6.644591558187372,16.603676935022833
6180,37.5363317833,-122.2998027333,-122.27708244799209,0.0,0.01010168330034844,0.022720285307912036
6207,48.8583481772,2.2943508625,2.3368854615666073,0.0,0.0021536037100204908,0.04253459906660728
6215,30.2842519344,-97.6074850559,-97.76990366521794,0.0,0.04122800762694112,0.16241860931793894
6240,40.0220523575,-105.2540954947,-105.23426447113985,0.0,0.010445938697863255,0.01983102356014399
6247,45.352548517,-79.117081733,-73.68042612752768,0.0,2.833059638574433,5.436655605472325
6254,-37.8058353667,144.94355725,159.22374708688093,0.0,-37.8058353667,14.280189836880936
6285,39.8495018818,-104.673871994,-105.24349371007966,0.0,0.16383725253326986,0.5696217160796664
6288,39.7115295333,-104.9830070333,-104.98915675416224,0.0,0.023952312856060587,0.00614972086223986
6319,47.5713348833,-122.29300825,-122.3334845057152,0.0,0.04009176364230882,0.04047625571520541
6326,33.0301509667,-96.7940703833,-96.54474723845779,0.0,0.10208935725835744,0.24932314484220797
6329,49.289223117,-123.0389374,-93.91958181925084,0.0,11.655610428000962,29.119355580749158
6336,49.2807333825,-123.1172025204,-104.31257714626936,0.0,7.528200615470475,18.804625374130637
6339,49.2820701718,-123.1335479021,-95.94000508580633,0.0,10.881481386379043,27.19354281629367
6345,47.6105117333,-122.3367792347,-122.32197256240472,0.0,0.002764091519843248,0.0148066722952791
6352,37.4157602871,-122.1525514126,37.41576028705,-122.1525514123,0.0018381805008473862,0.002541380235413726
6373,34.0263724167,-118.4555483167,-117.99952644391573,0.0,0.13082334151268782,0.45602187278427664
6382,37.3924678132,-122.0407998562,-121.97386059979985,0.0,0.013067141408768634,0.06693925640014697
6393,41.7059025071,-73.9391769665,-73.68606382767446,0.0,0.24349101594844313,0.2531131388255403
6399,37.7955948133,-122.3944990198,-122.39785916049354,0.0,0.0009786034251177966,0.003360140693544622
6406,34.0359221333,-118.44530305,-118.1396583055741,0.0,0.038980171544913844,0.30564474442590495
6413,38.8026615467,-77.0618298711,-77.72405083092748,0.0,0.42355770731019504,0.6622209598274793
6423,35.39200625,-97.5492489338,-103.48318592581556,0.0,2.165057778429187,5.9339369920155605
6439,35.6394323497,-97.5325655937,-97.56688846258604,0.0,0.029542761041845722,0.03432286888603642
6442,35.1607551667,-106.71656565,-96.89581776103617,0.0,3.2243806178880305,9.820747888963837
6458,35.660097962,-97.506097251,-97.56689619528596,0.0,0.0500035835668271,0.06079894428596333
6461,35.5247434064,-97.5454187393,-97.52718016859471,0.0,0.02657005369488985,0.018238570705293
6466,35.6065886284,-97.6003718376,-97.56698145504218,0.0,0.005125919104891352,0.033390382557811904
6474,1.3012669333,103.8391699833,103.92445050725252,0.0,0.061044877408717335,0.08528052395251962
6480,37.8133514833,-122.268121,-105.9098199957723,0.0,5.0598184842542295,16.358301004227698
6492,37.4223555227,-122.0880496502,37.42235552235,-122.0880496501,0.02259591896034152,0.07356489505390584
6496,39.0853311833,-108.5520591833,-97.81638610165857,0.0,3.7612370051315835,10.735673081641437
6510,30.2957788809,-97.7409169078,-97.74338149507768,0.0,0.007865819702921328,0.002464587277685837
6528,38.8866402238,-77.0326673985,-77.04248473605382,0.0,0.009309455449191262,0.009817337553826633
6540,40.740534663,-74.005998373,-74.0002860683367,0.0,0.004187509020916025,0.005712304663290979
6544,37.7883648527,-122.4203336334,-122.40233115103078,0.0,0.005517079804441494,0.018002482369226414
6553,37.3253923079,-121.8628138304,-122.14794373317278,0.0,0.08974121022463066,0.2851299027727805
6554,51.5103925993,-0.1269265639,-0.12855946957415063,0.0,0.009389359980374934,0.0016329056741506143
6595,51.4575148508,-2.5920298669,-2.912093299247758,0.0,2.295934166110797,0.32006343234775825
6605,37.8034401132,-122.4132542827,-122.39461866169651,0.0,0.007631679373794498,0.01863562100348304
6606,40.7017115667,-73.7960707167,-76.24027159638459,0.0,1.3492609742037232,2.444200879684587
6609,-33.8734086383,151.1985039711,158.21876704372133,0.0,-33.8734086383,7.020263072621333
6623,38.252654317,-122.630061867,-97.79595805080265,0.0,7.7373293030182815,24.83410381619734
6662,38.9674080827,-95.2351502983,-95.23535545531686,0.0,0.003629090908034982,0.00020515701686463217
6667,35.001562971,-80.568394137,-81.34751182778732,0.0,0.3566769702124333,0.7791176907873165
6685,39.096998,-94.583508,-94.49005436063156,0.0,0.04141720864243581,0.09345363936843398
6707,32.9341357833,-96.8661260667,-96.84646481342908,0.0,0.006408262483340366,0.019661253270925272
6709,43.6501309939,-79.4505047817,-75.49969546515787,0.0,2.1325553853654355,3.9508093165421343
6718,34.0743124167,-118.3608488667,-118.26143881001134,0.0,0.023789025175695144,0.09941005668865444
6730,33.04715165,-97.106757633,-96.81643052002447,0.0,0.09773692386328037,0.2903271129755325
6733,40.388700367,-80.0497270548,-77.0377141671932,0.0,1.492257291715056,3.012012887606801
6742,30.2691029532,-97.7493953705,30.269102953100003,-97.74939537025,30.2691029532,97.7493953705
6743,30.2493640765,-97.7494704723,30.24936407625,-97.74947047215,0.0004518772403763194,0.002100670815650574
6748,44.6403265833,-63.5705962333,-74.39291268892799,0.0,0.8481769222572808,10.822316455627991
6749,49.0203242384,8.4410701825,8.538601820726715,0.0,0.6562012255059457,0.09753163822671418
6754,48.1243267167,11.5485538,11.178825988033273,0.0,2.4264510082939807,0.36972781196672777
6758,32.777050119,-96.758093207,-96.7607643055496,0.0,0.00040311995545749824,0.0026710985495981276
6764,59.359466165,18.0031584566,17.937739008112242,0.0,0.06250513897786192,0.06541944848775927
6767,37.7976024757,-122.4307206273,-122.41744475300018,0.0,0.004316987127573668,0.013275874299822021
6779,49.000372852,8.3852398396,8.488172942922137,0.0,0.6032926600072983,0.10293310332213679
6786,59.3301577,18.0580794811,18.061243425230476,0.0,0.0037033221906952463,0.003163944130477603
6791,37.8932416667,-122.1250793667,-97.75582596518187,0.0,7.562051931227373,24.369253401518137
6792,36.0919022,-95.88871335,-96.30557807520968,0.0,0.19077553610168962,0.41686472520967754
6816,52.375139737,4.53063191,4.385521043309918,0.0,2.28217298267451,0.14511086669008222
6831,46.8417155833,14.83890975,18.133471900327226,0.0,12.49144681359374,3.294562150327227
6833,26.1781082153,-81.7997512817,-98.9691704317821,0.0,5.604311895119235,17.169419150082106
6843,49.0108337565,8.3946380663,8.48405284115154,0.0,0.6202493871691104,0.08941477485153904
6845,42.7252609833,-71.4462614833,-71.10902242031446,0.0,0.3313370455872189,0.33723906298554596
6848,50.962024972,6.951738105,6.68451906631479,0.0,1.3775724648131913,0.2672190386852096
6872,37.6163560649,-122.3861503601,37.61635606445,-122.38615036005001,37.6163560649,122.3861503601
6889,39.7524408667,-104.9963766,-104.99160133567314,0.0,0.01331441996404692,0.004775264326866591
6918,30.258075786,-81.525520556,-122.63867460115775,0.0,15.261387989999363,41.11315404515774
6925,33.742736204,-118.2927558471,-117.72686494376488,0.0,0.17867061985002408,0.5658909033351165
6926,37.276252343,127.073686633,127.06138633617711,0.0,0.21854433396578088,0.012300296822886025
6931,48.4697701428,7.9581570625,7.724451555358962,0.0,1.6265659489474587,0.2337055071410381
6937,49.4579276667,11.0671719,12.088690936354388,0.0,7.459269697306162,1.0215190363543876
6945,32.308281319,-110.8553552628,-115.33740050654508,0.0,1.1910917686528393,4.482045243745077
6960,36.0162939833,-115.11966595,-116.30854133651376,0.0,0.3799943008147224,1.1888753865137573
6965,55.5959295877,13.0004906786,11.280857511591757,0.0,7.747423116851316,1.7196331670082436
6967,41.75844269,-88.2128511,-87.77986362048142,0.0,0.060793300091830815,0.4329874795185731
6994,53.4795162485,-2.2181975842,-2.23875969802152,0.0,0.0005657847304263441,0.020562113821520178
7009,41.3888342,2.1321443667,2.4200256631832757,0.0,7.520156750112093,0.28788129648327576
7010,30.4816053,-97.8050855133,-97.7286658954909,0.0,0.029787859048475696,0.07641961780909412
7016,33.9895553589,-80.9807281494,-88.18484586213349,0.0,2.8744445699388024,7.204117712733492
7020,35.2257793033,-80.8528518677,-80.90605769287562,0.0,0.1372721363741931,0.053205825175624
7024,49.0104230972,8.3956360817,8.483380601219292,0.0,0.625134016038075,0.0877445195192923
7033,51.324295992,9.505370363,9.374117955195473,0.0,1.364519759019565,0.13125240780452785
7041,37.6163560649,-122.3861503601,37.61635606445,-122.38615036005001,37.6163560649,122.3861503601
7044,38.8367919922,-104.8227996826,-122.73760452165179,0.0,6.678898241552808,17.914804839051783
7048,34.021012567,-118.284821183,-118.2270131386802,0.0,0.0027886299386707947,0.05780804431979902
7049,50.107083533,8.6900801,8.61211521973764,0.0,0.15233057777126646,0.0779648802623587
7058,47.004653,7.10027575,7.695818566742503,0.0,1.7646230193024834,0.595542816742503
7059,28.2490360737,-81.3092833757,-84.59525104910333,0.0,1.200110513832918,3.28596767340332
7067,39.9198536167,-75.0024566167,-75.2913612150209,0.0,0.11080524055858376,0.2889045983208973
7086,29.5927688833,-95.6495233333,-104.7668575821919,0.0,2.822650848792332,9.117334248891908
7126,25.0154450747,121.5205022693,114.87142474048595,0.0,2.4523242067765025,6.649077528814047
7163,41.9395136634,-87.6540380716,-87.68372121533298,0.0,0.0029940496425879815,0.02968314373298142
7167,50.8282968485,-0.1389598846,-0.14037544383000855,0.0,0.6813935730554448,0.0014155592300085507
7168,40.28054715,-111.6879249,-96.2971402114669,0.0,5.503531912681872,15.390784688533103
7181,33.6853058346,-117.8113845784,-117.44306480198459,0.0,0.1206481338155001,0.3683197764154045
7194,32.7164606146,-117.1609604359,-117.17080993369525,0.0,0.01722470300031631,0.009849497795258344
7200,37.0982036916,140.0010430813,122.80683675349658,0.0,5.579252755728678,17.194206327803414
7242,34.93942545,-82.2684528667,-84.85580711123559,0.0,1.2065745041649691,2.5873542445355895
7245,37.4208948,-122.1724507,-122.14914421022327,0.0,0.005347365164539042,0.023306489776729222
7261,39.1266193167,-94.8274201167,-90.98993470501561,0.0,1.5805991475335617,3.8374854116843835
7272,37.6163560649,-122.3861503601,37.61635606445,-122.38615036005001,37.6163560649,122.3861503601
7290,29.9877985723,-95.3393554688,-103.10520094881366,0.0,2.427815023278015,7.765845480013667
7299,30.26955485,-97.74220705,-97.7444077603328,0.0,0.0007712773903030268,0.0022007103328007815
7312,45.2100031667,-123.19492945,-91.68802102724058,0.0,11.607926696565556,31.506908422759423
7318,30.2541414667,-97.7623172167,-97.75070964051812,0.0,0.004569731274372657,0.011607576181873469
